structure_id,cif_path,input_cif_path,raw_valid,formula,chemical_system,num_sites,raw_valid_reason,relaxed_cif_path,relaxation_success,total_energy
gen_0,provenance://mattergen/outputs/dielectric_rl/direct_rl_target12_online/matinvent_style_target12_tri_fixed_scaler_gpu/loop_0015/postprocess/input_cifs/gen_0.cif,provenance://mattergen/outputs/dielectric_rl/direct_rl_target12_online/matinvent_style_target12_tri_fixed_scaler_gpu/loop_0015/postprocess/input_cifs/gen_0.cif,True,Zr2 Sc3,Sc-Zr,5,,provenance://mattergen/outputs/dielectric_rl/direct_rl_target12_online/matinvent_style_target12_tri_fixed_scaler_gpu/loop_0015/postprocess/relaxed/relaxed_cifs/gen_0_relaxed.cif,True,-36.05910110473633
gen_1,provenance://mattergen/outputs/dielectric_rl/direct_rl_target12_online/matinvent_style_target12_tri_fixed_scaler_gpu/loop_0015/postprocess/input_cifs/gen_1.cif,provenance://mattergen/outputs/dielectric_rl/direct_rl_target12_online/matinvent_style_target12_tri_fixed_scaler_gpu/loop_0015/postprocess/input_cifs/gen_1.cif,True,Cs2 K2 Na7,Cs-K-Na,11,,provenance://mattergen/outputs/dielectric_rl/direct_rl_target12_online/matinvent_style_target12_tri_fixed_scaler_gpu/loop_0015/postprocess/relaxed/relaxed_cifs/gen_1_relaxed.cif,True,-13.001283645629885
gen_10,provenance://mattergen/outputs/dielectric_rl/direct_rl_target12_online/matinvent_style_target12_tri_fixed_scaler_gpu/loop_0015/postprocess/input_cifs/gen_10.cif,provenance://mattergen/outputs/dielectric_rl/direct_rl_target12_online/matinvent_style_target12_tri_fixed_scaler_gpu/loop_0015/postprocess/input_cifs/gen_10.cif,True,Er4 Ga3 Sn1,Er-Ga-Sn,8,,provenance://mattergen/outputs/dielectric_rl/direct_rl_target12_online/matinvent_style_target12_tri_fixed_scaler_gpu/loop_0015/postprocess/relaxed/relaxed_cifs/gen_10_relaxed.cif,True,-36.34180068969727
gen_11,provenance://mattergen/outputs/dielectric_rl/direct_rl_target12_online/matinvent_style_target12_tri_fixed_scaler_gpu/loop_0015/postprocess/input_cifs/gen_11.cif,provenance://mattergen/outputs/dielectric_rl/direct_rl_target12_online/matinvent_style_target12_tri_fixed_scaler_gpu/loop_0015/postprocess/input_cifs/gen_11.cif,True,Pr2 Dy2 Ho3,Dy-Ho-Pr,7,,provenance://mattergen/outputs/dielectric_rl/direct_rl_target12_online/matinvent_style_target12_tri_fixed_scaler_gpu/loop_0015/postprocess/relaxed/relaxed_cifs/gen_11_relaxed.cif,True,-32.371070861816406
gen_12,provenance://mattergen/outputs/dielectric_rl/direct_rl_target12_online/matinvent_style_target12_tri_fixed_scaler_gpu/loop_0015/postprocess/input_cifs/gen_12.cif,provenance://mattergen/outputs/dielectric_rl/direct_rl_target12_online/matinvent_style_target12_tri_fixed_scaler_gpu/loop_0015/postprocess/input_cifs/gen_12.cif,True,Y4 Ho2 Er4 Tm2,Er-Ho-Tm-Y,12,,provenance://mattergen/outputs/dielectric_rl/direct_rl_target12_online/matinvent_style_target12_tri_fixed_scaler_gpu/loop_0015/postprocess/relaxed/relaxed_cifs/gen_12_relaxed.cif,True,-61.93538284301758
gen_13,provenance://mattergen/outputs/dielectric_rl/direct_rl_target12_online/matinvent_style_target12_tri_fixed_scaler_gpu/loop_0015/postprocess/input_cifs/gen_13.cif,provenance://mattergen/outputs/dielectric_rl/direct_rl_target12_online/matinvent_style_target12_tri_fixed_scaler_gpu/loop_0015/postprocess/input_cifs/gen_13.cif,True,Ag2 Sb1 Au1,Ag-Au-Sb,4,,provenance://mattergen/outputs/dielectric_rl/direct_rl_target12_online/matinvent_style_target12_tri_fixed_scaler_gpu/loop_0015/postprocess/relaxed/relaxed_cifs/gen_13_relaxed.cif,True,-12.99143886566162
gen_14,provenance://mattergen/outputs/dielectric_rl/direct_rl_target12_online/matinvent_style_target12_tri_fixed_scaler_gpu/loop_0015/postprocess/input_cifs/gen_14.cif,provenance://mattergen/outputs/dielectric_rl/direct_rl_target12_online/matinvent_style_target12_tri_fixed_scaler_gpu/loop_0015/postprocess/input_cifs/gen_14.cif,True,V1 P3 S1 O13,O-P-S-V,18,,provenance://mattergen/outputs/dielectric_rl/direct_rl_target12_online/matinvent_style_target12_tri_fixed_scaler_gpu/loop_0015/postprocess/relaxed/relaxed_cifs/gen_14_relaxed.cif,True,-123.21259307861328
gen_16,provenance://mattergen/outputs/dielectric_rl/direct_rl_target12_online/matinvent_style_target12_tri_fixed_scaler_gpu/loop_0015/postprocess/input_cifs/gen_16.cif,provenance://mattergen/outputs/dielectric_rl/direct_rl_target12_online/matinvent_style_target12_tri_fixed_scaler_gpu/loop_0015/postprocess/input_cifs/gen_16.cif,True,Ce1 Tl1 Sn1 Hg1,Ce-Hg-Sn-Tl,4,,provenance://mattergen/outputs/dielectric_rl/direct_rl_target12_online/matinvent_style_target12_tri_fixed_scaler_gpu/loop_0015/postprocess/relaxed/relaxed_cifs/gen_16_relaxed.cif,True,-13.853242874145508
gen_17,provenance://mattergen/outputs/dielectric_rl/direct_rl_target12_online/matinvent_style_target12_tri_fixed_scaler_gpu/loop_0015/postprocess/input_cifs/gen_17.cif,provenance://mattergen/outputs/dielectric_rl/direct_rl_target12_online/matinvent_style_target12_tri_fixed_scaler_gpu/loop_0015/postprocess/input_cifs/gen_17.cif,True,Ti2 Mo1 Pd1,Mo-Pd-Ti,4,,provenance://mattergen/outputs/dielectric_rl/direct_rl_target12_online/matinvent_style_target12_tri_fixed_scaler_gpu/loop_0015/postprocess/relaxed/relaxed_cifs/gen_17_relaxed.cif,True,-33.351806640625
gen_18,provenance://mattergen/outputs/dielectric_rl/direct_rl_target12_online/matinvent_style_target12_tri_fixed_scaler_gpu/loop_0015/postprocess/input_cifs/gen_18.cif,provenance://mattergen/outputs/dielectric_rl/direct_rl_target12_online/matinvent_style_target12_tri_fixed_scaler_gpu/loop_0015/postprocess/input_cifs/gen_18.cif,True,Er4 Cd4 Rh4,Cd-Er-Rh,12,,provenance://mattergen/outputs/dielectric_rl/direct_rl_target12_online/matinvent_style_target12_tri_fixed_scaler_gpu/loop_0015/postprocess/relaxed/relaxed_cifs/gen_18_relaxed.cif,True,-58.74409866333008
gen_19,provenance://mattergen/outputs/dielectric_rl/direct_rl_target12_online/matinvent_style_target12_tri_fixed_scaler_gpu/loop_0015/postprocess/input_cifs/gen_19.cif,provenance://mattergen/outputs/dielectric_rl/direct_rl_target12_online/matinvent_style_target12_tri_fixed_scaler_gpu/loop_0015/postprocess/input_cifs/gen_19.cif,True,Ni5 Bi1 O4 F8,Bi-F-Ni-O,18,,provenance://mattergen/outputs/dielectric_rl/direct_rl_target12_online/matinvent_style_target12_tri_fixed_scaler_gpu/loop_0015/postprocess/relaxed/relaxed_cifs/gen_19_relaxed.cif,True,-81.54093933105469
gen_2,provenance://mattergen/outputs/dielectric_rl/direct_rl_target12_online/matinvent_style_target12_tri_fixed_scaler_gpu/loop_0015/postprocess/input_cifs/gen_2.cif,provenance://mattergen/outputs/dielectric_rl/direct_rl_target12_online/matinvent_style_target12_tri_fixed_scaler_gpu/loop_0015/postprocess/input_cifs/gen_2.cif,True,Ba2 Sr2 Li12 Zn4,Ba-Li-Sr-Zn,20,,provenance://mattergen/outputs/dielectric_rl/direct_rl_target12_online/matinvent_style_target12_tri_fixed_scaler_gpu/loop_0015/postprocess/relaxed/relaxed_cifs/gen_2_relaxed.cif,True,-36.30727767944336
gen_20,provenance://mattergen/outputs/dielectric_rl/direct_rl_target12_online/matinvent_style_target12_tri_fixed_scaler_gpu/loop_0015/postprocess/input_cifs/gen_20.cif,provenance://mattergen/outputs/dielectric_rl/direct_rl_target12_online/matinvent_style_target12_tri_fixed_scaler_gpu/loop_0015/postprocess/input_cifs/gen_20.cif,True,Rb1 Mn1 P2 Rh1,Mn-P-Rb-Rh,5,,provenance://mattergen/outputs/dielectric_rl/direct_rl_target12_online/matinvent_style_target12_tri_fixed_scaler_gpu/loop_0015/postprocess/relaxed/relaxed_cifs/gen_20_relaxed.cif,True,-31.085113525390625
gen_22,provenance://mattergen/outputs/dielectric_rl/direct_rl_target12_online/matinvent_style_target12_tri_fixed_scaler_gpu/loop_0015/postprocess/input_cifs/gen_22.cif,provenance://mattergen/outputs/dielectric_rl/direct_rl_target12_online/matinvent_style_target12_tri_fixed_scaler_gpu/loop_0015/postprocess/input_cifs/gen_22.cif,True,Sr1 Cd1 In1 Pd1,Cd-In-Pd-Sr,4,,provenance://mattergen/outputs/dielectric_rl/direct_rl_target12_online/matinvent_style_target12_tri_fixed_scaler_gpu/loop_0015/postprocess/relaxed/relaxed_cifs/gen_22_relaxed.cif,True,-12.316911697387695
gen_24,provenance://mattergen/outputs/dielectric_rl/direct_rl_target12_online/matinvent_style_target12_tri_fixed_scaler_gpu/loop_0015/postprocess/input_cifs/gen_24.cif,provenance://mattergen/outputs/dielectric_rl/direct_rl_target12_online/matinvent_style_target12_tri_fixed_scaler_gpu/loop_0015/postprocess/input_cifs/gen_24.cif,True,Tb2 Ga4 Ir3 Pd1,Ga-Ir-Pd-Tb,10,,provenance://mattergen/outputs/dielectric_rl/direct_rl_target12_online/matinvent_style_target12_tri_fixed_scaler_gpu/loop_0015/postprocess/relaxed/relaxed_cifs/gen_24_relaxed.cif,True,-60.24583435058594
gen_25,provenance://mattergen/outputs/dielectric_rl/direct_rl_target12_online/matinvent_style_target12_tri_fixed_scaler_gpu/loop_0015/postprocess/input_cifs/gen_25.cif,provenance://mattergen/outputs/dielectric_rl/direct_rl_target12_online/matinvent_style_target12_tri_fixed_scaler_gpu/loop_0015/postprocess/input_cifs/gen_25.cif,True,Ti1 Tl2 Cu3 Te6,Cu-Te-Ti-Tl,12,,provenance://mattergen/outputs/dielectric_rl/direct_rl_target12_online/matinvent_style_target12_tri_fixed_scaler_gpu/loop_0015/postprocess/relaxed/relaxed_cifs/gen_25_relaxed.cif,True,-46.66596221923828
gen_26,provenance://mattergen/outputs/dielectric_rl/direct_rl_target12_online/matinvent_style_target12_tri_fixed_scaler_gpu/loop_0015/postprocess/input_cifs/gen_26.cif,provenance://mattergen/outputs/dielectric_rl/direct_rl_target12_online/matinvent_style_target12_tri_fixed_scaler_gpu/loop_0015/postprocess/input_cifs/gen_26.cif,True,Li2 Ho2 Cu2,Cu-Ho-Li,6,,provenance://mattergen/outputs/dielectric_rl/direct_rl_target12_online/matinvent_style_target12_tri_fixed_scaler_gpu/loop_0015/postprocess/relaxed/relaxed_cifs/gen_26_relaxed.cif,True,-22.039405822753903
gen_27,provenance://mattergen/outputs/dielectric_rl/direct_rl_target12_online/matinvent_style_target12_tri_fixed_scaler_gpu/loop_0015/postprocess/input_cifs/gen_27.cif,provenance://mattergen/outputs/dielectric_rl/direct_rl_target12_online/matinvent_style_target12_tri_fixed_scaler_gpu/loop_0015/postprocess/input_cifs/gen_27.cif,True,Sr4 Zr2 Be2 S10,Be-S-Sr-Zr,18,,provenance://mattergen/outputs/dielectric_rl/direct_rl_target12_online/matinvent_style_target12_tri_fixed_scaler_gpu/loop_0015/postprocess/relaxed/relaxed_cifs/gen_27_relaxed.cif,True,-102.78195190429688
gen_28,provenance://mattergen/outputs/dielectric_rl/direct_rl_target12_online/matinvent_style_target12_tri_fixed_scaler_gpu/loop_0015/postprocess/input_cifs/gen_28.cif,provenance://mattergen/outputs/dielectric_rl/direct_rl_target12_online/matinvent_style_target12_tri_fixed_scaler_gpu/loop_0015/postprocess/input_cifs/gen_28.cif,True,Sm2 Co1 Os1,Co-Os-Sm,4,,provenance://mattergen/outputs/dielectric_rl/direct_rl_target12_online/matinvent_style_target12_tri_fixed_scaler_gpu/loop_0015/postprocess/relaxed/relaxed_cifs/gen_28_relaxed.cif,True,-27.969633102416992
gen_29,provenance://mattergen/outputs/dielectric_rl/direct_rl_target12_online/matinvent_style_target12_tri_fixed_scaler_gpu/loop_0015/postprocess/input_cifs/gen_29.cif,provenance://mattergen/outputs/dielectric_rl/direct_rl_target12_online/matinvent_style_target12_tri_fixed_scaler_gpu/loop_0015/postprocess/input_cifs/gen_29.cif,True,La2 Ce2 Se8,Ce-La-Se,12,,provenance://mattergen/outputs/dielectric_rl/direct_rl_target12_online/matinvent_style_target12_tri_fixed_scaler_gpu/loop_0015/postprocess/relaxed/relaxed_cifs/gen_29_relaxed.cif,True,-68.52609252929688
gen_3,provenance://mattergen/outputs/dielectric_rl/direct_rl_target12_online/matinvent_style_target12_tri_fixed_scaler_gpu/loop_0015/postprocess/input_cifs/gen_3.cif,provenance://mattergen/outputs/dielectric_rl/direct_rl_target12_online/matinvent_style_target12_tri_fixed_scaler_gpu/loop_0015/postprocess/input_cifs/gen_3.cif,True,Cs1 K2 Li1 Br4,Br-Cs-K-Li,8,,provenance://mattergen/outputs/dielectric_rl/direct_rl_target12_online/matinvent_style_target12_tri_fixed_scaler_gpu/loop_0015/postprocess/relaxed/relaxed_cifs/gen_3_relaxed.cif,True,-25.032146453857425
gen_30,provenance://mattergen/outputs/dielectric_rl/direct_rl_target12_online/matinvent_style_target12_tri_fixed_scaler_gpu/loop_0015/postprocess/input_cifs/gen_30.cif,provenance://mattergen/outputs/dielectric_rl/direct_rl_target12_online/matinvent_style_target12_tri_fixed_scaler_gpu/loop_0015/postprocess/input_cifs/gen_30.cif,True,Li1 La1 Hg1 Ge2,Ge-Hg-La-Li,5,,provenance://mattergen/outputs/dielectric_rl/direct_rl_target12_online/matinvent_style_target12_tri_fixed_scaler_gpu/loop_0015/postprocess/relaxed/relaxed_cifs/gen_30_relaxed.cif,True,-19.05609703063965
gen_31,provenance://mattergen/outputs/dielectric_rl/direct_rl_target12_online/matinvent_style_target12_tri_fixed_scaler_gpu/loop_0015/postprocess/input_cifs/gen_31.cif,provenance://mattergen/outputs/dielectric_rl/direct_rl_target12_online/matinvent_style_target12_tri_fixed_scaler_gpu/loop_0015/postprocess/input_cifs/gen_31.cif,True,Sr2 Mg1 Ag1,Ag-Mg-Sr,4,,provenance://mattergen/outputs/dielectric_rl/direct_rl_target12_online/matinvent_style_target12_tri_fixed_scaler_gpu/loop_0015/postprocess/relaxed/relaxed_cifs/gen_31_relaxed.cif,True,-8.21314525604248
gen_32,provenance://mattergen/outputs/dielectric_rl/direct_rl_target12_online/matinvent_style_target12_tri_fixed_scaler_gpu/loop_0015/postprocess/input_cifs/gen_32.cif,provenance://mattergen/outputs/dielectric_rl/direct_rl_target12_online/matinvent_style_target12_tri_fixed_scaler_gpu/loop_0015/postprocess/input_cifs/gen_32.cif,True,Sr1 Li1 Sn2 Hg2,Hg-Li-Sn-Sr,6,,provenance://mattergen/outputs/dielectric_rl/direct_rl_target12_online/matinvent_style_target12_tri_fixed_scaler_gpu/loop_0015/postprocess/relaxed/relaxed_cifs/gen_32_relaxed.cif,True,-14.294194221496582
gen_33,provenance://mattergen/outputs/dielectric_rl/direct_rl_target12_online/matinvent_style_target12_tri_fixed_scaler_gpu/loop_0015/postprocess/input_cifs/gen_33.cif,provenance://mattergen/outputs/dielectric_rl/direct_rl_target12_online/matinvent_style_target12_tri_fixed_scaler_gpu/loop_0015/postprocess/input_cifs/gen_33.cif,True,Tb1 Nd2 Y1,Nd-Tb-Y,4,,provenance://mattergen/outputs/dielectric_rl/direct_rl_target12_online/matinvent_style_target12_tri_fixed_scaler_gpu/loop_0015/postprocess/relaxed/relaxed_cifs/gen_33_relaxed.cif,True,-20.500911712646484
gen_34,provenance://mattergen/outputs/dielectric_rl/direct_rl_target12_online/matinvent_style_target12_tri_fixed_scaler_gpu/loop_0015/postprocess/input_cifs/gen_34.cif,provenance://mattergen/outputs/dielectric_rl/direct_rl_target12_online/matinvent_style_target12_tri_fixed_scaler_gpu/loop_0015/postprocess/input_cifs/gen_34.cif,True,Pr4 Dy3 Er1,Dy-Er-Pr,8,,provenance://mattergen/outputs/dielectric_rl/direct_rl_target12_online/matinvent_style_target12_tri_fixed_scaler_gpu/loop_0015/postprocess/relaxed/relaxed_cifs/gen_34_relaxed.cif,True,-37.29985046386719
gen_35,provenance://mattergen/outputs/dielectric_rl/direct_rl_target12_online/matinvent_style_target12_tri_fixed_scaler_gpu/loop_0015/postprocess/input_cifs/gen_35.cif,provenance://mattergen/outputs/dielectric_rl/direct_rl_target12_online/matinvent_style_target12_tri_fixed_scaler_gpu/loop_0015/postprocess/input_cifs/gen_35.cif,True,Rb6 Sc2 I12,I-Rb-Sc,20,,provenance://mattergen/outputs/dielectric_rl/direct_rl_target12_online/matinvent_style_target12_tri_fixed_scaler_gpu/loop_0015/postprocess/relaxed/relaxed_cifs/gen_35_relaxed.cif,True,-64.67528533935547
gen_36,provenance://mattergen/outputs/dielectric_rl/direct_rl_target12_online/matinvent_style_target12_tri_fixed_scaler_gpu/loop_0015/postprocess/input_cifs/gen_36.cif,provenance://mattergen/outputs/dielectric_rl/direct_rl_target12_online/matinvent_style_target12_tri_fixed_scaler_gpu/loop_0015/postprocess/input_cifs/gen_36.cif,True,Ce1 Y3 Er2 S6,Ce-Er-S-Y,12,,provenance://mattergen/outputs/dielectric_rl/direct_rl_target12_online/matinvent_style_target12_tri_fixed_scaler_gpu/loop_0015/postprocess/relaxed/relaxed_cifs/gen_36_relaxed.cif,True,-83.13799285888672
gen_37,provenance://mattergen/outputs/dielectric_rl/direct_rl_target12_online/matinvent_style_target12_tri_fixed_scaler_gpu/loop_0015/postprocess/input_cifs/gen_37.cif,provenance://mattergen/outputs/dielectric_rl/direct_rl_target12_online/matinvent_style_target12_tri_fixed_scaler_gpu/loop_0015/postprocess/input_cifs/gen_37.cif,True,Tb2 Dy2 Sc2 Bi6,Bi-Dy-Sc-Tb,12,,provenance://mattergen/outputs/dielectric_rl/direct_rl_target12_online/matinvent_style_target12_tri_fixed_scaler_gpu/loop_0015/postprocess/relaxed/relaxed_cifs/gen_37_relaxed.cif,True,-63.86236190795898
gen_38,provenance://mattergen/outputs/dielectric_rl/direct_rl_target12_online/matinvent_style_target12_tri_fixed_scaler_gpu/loop_0015/postprocess/input_cifs/gen_38.cif,provenance://mattergen/outputs/dielectric_rl/direct_rl_target12_online/matinvent_style_target12_tri_fixed_scaler_gpu/loop_0015/postprocess/input_cifs/gen_38.cif,True,Li2 Sm1 Si1,Li-Si-Sm,4,,provenance://mattergen/outputs/dielectric_rl/direct_rl_target12_online/matinvent_style_target12_tri_fixed_scaler_gpu/loop_0015/postprocess/relaxed/relaxed_cifs/gen_38_relaxed.cif,True,-15.119654655456545
gen_39,provenance://mattergen/outputs/dielectric_rl/direct_rl_target12_online/matinvent_style_target12_tri_fixed_scaler_gpu/loop_0015/postprocess/input_cifs/gen_39.cif,provenance://mattergen/outputs/dielectric_rl/direct_rl_target12_online/matinvent_style_target12_tri_fixed_scaler_gpu/loop_0015/postprocess/input_cifs/gen_39.cif,True,Tb2 Ga1 Te3,Ga-Tb-Te,6,,provenance://mattergen/outputs/dielectric_rl/direct_rl_target12_online/matinvent_style_target12_tri_fixed_scaler_gpu/loop_0015/postprocess/relaxed/relaxed_cifs/gen_39_relaxed.cif,True,-27.980619430541992
gen_4,provenance://mattergen/outputs/dielectric_rl/direct_rl_target12_online/matinvent_style_target12_tri_fixed_scaler_gpu/loop_0015/postprocess/input_cifs/gen_4.cif,provenance://mattergen/outputs/dielectric_rl/direct_rl_target12_online/matinvent_style_target12_tri_fixed_scaler_gpu/loop_0015/postprocess/input_cifs/gen_4.cif,True,Ba1 Li2 In2,Ba-In-Li,5,,provenance://mattergen/outputs/dielectric_rl/direct_rl_target12_online/matinvent_style_target12_tri_fixed_scaler_gpu/loop_0015/postprocess/relaxed/relaxed_cifs/gen_4_relaxed.cif,True,-12.714231491088867
gen_40,provenance://mattergen/outputs/dielectric_rl/direct_rl_target12_online/matinvent_style_target12_tri_fixed_scaler_gpu/loop_0015/postprocess/input_cifs/gen_40.cif,provenance://mattergen/outputs/dielectric_rl/direct_rl_target12_online/matinvent_style_target12_tri_fixed_scaler_gpu/loop_0015/postprocess/input_cifs/gen_40.cif,True,Tm2 Si2 Te8,Si-Te-Tm,12,,provenance://mattergen/outputs/dielectric_rl/direct_rl_target12_online/matinvent_style_target12_tri_fixed_scaler_gpu/loop_0015/postprocess/relaxed/relaxed_cifs/gen_40_relaxed.cif,True,-50.82216644287109
gen_41,provenance://mattergen/outputs/dielectric_rl/direct_rl_target12_online/matinvent_style_target12_tri_fixed_scaler_gpu/loop_0015/postprocess/input_cifs/gen_41.cif,provenance://mattergen/outputs/dielectric_rl/direct_rl_target12_online/matinvent_style_target12_tri_fixed_scaler_gpu/loop_0015/postprocess/input_cifs/gen_41.cif,True,Hf3 Zr1 N4,Hf-N-Zr,8,,provenance://mattergen/outputs/dielectric_rl/direct_rl_target12_online/matinvent_style_target12_tri_fixed_scaler_gpu/loop_0015/postprocess/relaxed/relaxed_cifs/gen_41_relaxed.cif,True,-85.61077880859375
gen_42,provenance://mattergen/outputs/dielectric_rl/direct_rl_target12_online/matinvent_style_target12_tri_fixed_scaler_gpu/loop_0015/postprocess/input_cifs/gen_42.cif,provenance://mattergen/outputs/dielectric_rl/direct_rl_target12_online/matinvent_style_target12_tri_fixed_scaler_gpu/loop_0015/postprocess/input_cifs/gen_42.cif,True,Y1 Pd1 Pb1,Pb-Pd-Y,3,,provenance://mattergen/outputs/dielectric_rl/direct_rl_target12_online/matinvent_style_target12_tri_fixed_scaler_gpu/loop_0015/postprocess/relaxed/relaxed_cifs/gen_42_relaxed.cif,True,-17.335771560668945
gen_43,provenance://mattergen/outputs/dielectric_rl/direct_rl_target12_online/matinvent_style_target12_tri_fixed_scaler_gpu/loop_0015/postprocess/input_cifs/gen_43.cif,provenance://mattergen/outputs/dielectric_rl/direct_rl_target12_online/matinvent_style_target12_tri_fixed_scaler_gpu/loop_0015/postprocess/input_cifs/gen_43.cif,True,Tl4 Sb1 Pb4,Pb-Sb-Tl,9,,provenance://mattergen/outputs/dielectric_rl/direct_rl_target12_online/matinvent_style_target12_tri_fixed_scaler_gpu/loop_0015/postprocess/relaxed/relaxed_cifs/gen_43_relaxed.cif,True,-28.18531608581543
gen_44,provenance://mattergen/outputs/dielectric_rl/direct_rl_target12_online/matinvent_style_target12_tri_fixed_scaler_gpu/loop_0015/postprocess/input_cifs/gen_44.cif,provenance://mattergen/outputs/dielectric_rl/direct_rl_target12_online/matinvent_style_target12_tri_fixed_scaler_gpu/loop_0015/postprocess/input_cifs/gen_44.cif,True,Sr6 In10,In-Sr,16,,provenance://mattergen/outputs/dielectric_rl/direct_rl_target12_online/matinvent_style_target12_tri_fixed_scaler_gpu/loop_0015/postprocess/relaxed/relaxed_cifs/gen_44_relaxed.cif,True,-43.81575393676758
gen_45,provenance://mattergen/outputs/dielectric_rl/direct_rl_target12_online/matinvent_style_target12_tri_fixed_scaler_gpu/loop_0015/postprocess/input_cifs/gen_45.cif,provenance://mattergen/outputs/dielectric_rl/direct_rl_target12_online/matinvent_style_target12_tri_fixed_scaler_gpu/loop_0015/postprocess/input_cifs/gen_45.cif,True,Zn2 Ag4 Sb2 S8,Ag-S-Sb-Zn,16,,provenance://mattergen/outputs/dielectric_rl/direct_rl_target12_online/matinvent_style_target12_tri_fixed_scaler_gpu/loop_0015/postprocess/relaxed/relaxed_cifs/gen_45_relaxed.cif,True,-58.87023162841797
gen_46,provenance://mattergen/outputs/dielectric_rl/direct_rl_target12_online/matinvent_style_target12_tri_fixed_scaler_gpu/loop_0015/postprocess/input_cifs/gen_46.cif,provenance://mattergen/outputs/dielectric_rl/direct_rl_target12_online/matinvent_style_target12_tri_fixed_scaler_gpu/loop_0015/postprocess/input_cifs/gen_46.cif,True,Mg2 Pb8,Mg-Pb,10,,provenance://mattergen/outputs/dielectric_rl/direct_rl_target12_online/matinvent_style_target12_tri_fixed_scaler_gpu/loop_0015/postprocess/relaxed/relaxed_cifs/gen_46_relaxed.cif,True,-31.77706718444824
gen_47,provenance://mattergen/outputs/dielectric_rl/direct_rl_target12_online/matinvent_style_target12_tri_fixed_scaler_gpu/loop_0015/postprocess/input_cifs/gen_47.cif,provenance://mattergen/outputs/dielectric_rl/direct_rl_target12_online/matinvent_style_target12_tri_fixed_scaler_gpu/loop_0015/postprocess/input_cifs/gen_47.cif,True,Rb4 Tl6 Pb2,Pb-Rb-Tl,12,,provenance://mattergen/outputs/dielectric_rl/direct_rl_target12_online/matinvent_style_target12_tri_fixed_scaler_gpu/loop_0015/postprocess/relaxed/relaxed_cifs/gen_47_relaxed.cif,True,-26.8523063659668
gen_48,provenance://mattergen/outputs/dielectric_rl/direct_rl_target12_online/matinvent_style_target12_tri_fixed_scaler_gpu/loop_0015/postprocess/input_cifs/gen_48.cif,provenance://mattergen/outputs/dielectric_rl/direct_rl_target12_online/matinvent_style_target12_tri_fixed_scaler_gpu/loop_0015/postprocess/input_cifs/gen_48.cif,True,Cs2 Sm1 H1 Cl6,Cl-Cs-H-Sm,10,,provenance://mattergen/outputs/dielectric_rl/direct_rl_target12_online/matinvent_style_target12_tri_fixed_scaler_gpu/loop_0015/postprocess/relaxed/relaxed_cifs/gen_48_relaxed.cif,True,-38.871360778808594
gen_49,provenance://mattergen/outputs/dielectric_rl/direct_rl_target12_online/matinvent_style_target12_tri_fixed_scaler_gpu/loop_0015/postprocess/input_cifs/gen_49.cif,provenance://mattergen/outputs/dielectric_rl/direct_rl_target12_online/matinvent_style_target12_tri_fixed_scaler_gpu/loop_0015/postprocess/input_cifs/gen_49.cif,True,Cs1 Cd2 Ge1 I8,Cd-Cs-Ge-I,12,,provenance://mattergen/outputs/dielectric_rl/direct_rl_target12_online/matinvent_style_target12_tri_fixed_scaler_gpu/loop_0015/postprocess/relaxed/relaxed_cifs/gen_49_relaxed.cif,True,-27.275714874267575
gen_5,provenance://mattergen/outputs/dielectric_rl/direct_rl_target12_online/matinvent_style_target12_tri_fixed_scaler_gpu/loop_0015/postprocess/input_cifs/gen_5.cif,provenance://mattergen/outputs/dielectric_rl/direct_rl_target12_online/matinvent_style_target12_tri_fixed_scaler_gpu/loop_0015/postprocess/input_cifs/gen_5.cif,True,Zn1 Hg8,Hg-Zn,9,,provenance://mattergen/outputs/dielectric_rl/direct_rl_target12_online/matinvent_style_target12_tri_fixed_scaler_gpu/loop_0015/postprocess/relaxed/relaxed_cifs/gen_5_relaxed.cif,True,-3.2902638912200928
gen_50,provenance://mattergen/outputs/dielectric_rl/direct_rl_target12_online/matinvent_style_target12_tri_fixed_scaler_gpu/loop_0015/postprocess/input_cifs/gen_50.cif,provenance://mattergen/outputs/dielectric_rl/direct_rl_target12_online/matinvent_style_target12_tri_fixed_scaler_gpu/loop_0015/postprocess/input_cifs/gen_50.cif,True,Ga8 Si3 Ge6 As3,As-Ga-Ge-Si,20,,provenance://mattergen/outputs/dielectric_rl/direct_rl_target12_online/matinvent_style_target12_tri_fixed_scaler_gpu/loop_0015/postprocess/relaxed/relaxed_cifs/gen_50_relaxed.cif,True,-79.74616241455078
gen_51,provenance://mattergen/outputs/dielectric_rl/direct_rl_target12_online/matinvent_style_target12_tri_fixed_scaler_gpu/loop_0015/postprocess/input_cifs/gen_51.cif,provenance://mattergen/outputs/dielectric_rl/direct_rl_target12_online/matinvent_style_target12_tri_fixed_scaler_gpu/loop_0015/postprocess/input_cifs/gen_51.cif,True,Na3 Sb2 Pd13,Na-Pd-Sb,18,,provenance://mattergen/outputs/dielectric_rl/direct_rl_target12_online/matinvent_style_target12_tri_fixed_scaler_gpu/loop_0015/postprocess/relaxed/relaxed_cifs/gen_51_relaxed.cif,True,-82.75833892822266
gen_52,provenance://mattergen/outputs/dielectric_rl/direct_rl_target12_online/matinvent_style_target12_tri_fixed_scaler_gpu/loop_0015/postprocess/input_cifs/gen_52.cif,provenance://mattergen/outputs/dielectric_rl/direct_rl_target12_online/matinvent_style_target12_tri_fixed_scaler_gpu/loop_0015/postprocess/input_cifs/gen_52.cif,True,Nd4 Cd4 Hg2,Cd-Hg-Nd,10,,provenance://mattergen/outputs/dielectric_rl/direct_rl_target12_online/matinvent_style_target12_tri_fixed_scaler_gpu/loop_0015/postprocess/relaxed/relaxed_cifs/gen_52_relaxed.cif,True,-26.120325088500977
gen_53,provenance://mattergen/outputs/dielectric_rl/direct_rl_target12_online/matinvent_style_target12_tri_fixed_scaler_gpu/loop_0015/postprocess/input_cifs/gen_53.cif,provenance://mattergen/outputs/dielectric_rl/direct_rl_target12_online/matinvent_style_target12_tri_fixed_scaler_gpu/loop_0015/postprocess/input_cifs/gen_53.cif,True,Tb1 Pr2 Tm1 In4,In-Pr-Tb-Tm,8,,provenance://mattergen/outputs/dielectric_rl/direct_rl_target12_online/matinvent_style_target12_tri_fixed_scaler_gpu/loop_0015/postprocess/relaxed/relaxed_cifs/gen_53_relaxed.cif,True,-33.2349739074707
gen_54,provenance://mattergen/outputs/dielectric_rl/direct_rl_target12_online/matinvent_style_target12_tri_fixed_scaler_gpu/loop_0015/postprocess/input_cifs/gen_54.cif,provenance://mattergen/outputs/dielectric_rl/direct_rl_target12_online/matinvent_style_target12_tri_fixed_scaler_gpu/loop_0015/postprocess/input_cifs/gen_54.cif,True,Ba1 Tl2 Hg1 Rh1,Ba-Hg-Rh-Tl,5,,provenance://mattergen/outputs/dielectric_rl/direct_rl_target12_online/matinvent_style_target12_tri_fixed_scaler_gpu/loop_0015/postprocess/relaxed/relaxed_cifs/gen_54_relaxed.cif,True,-15.560051918029783
gen_55,provenance://mattergen/outputs/dielectric_rl/direct_rl_target12_online/matinvent_style_target12_tri_fixed_scaler_gpu/loop_0015/postprocess/input_cifs/gen_55.cif,provenance://mattergen/outputs/dielectric_rl/direct_rl_target12_online/matinvent_style_target12_tri_fixed_scaler_gpu/loop_0015/postprocess/input_cifs/gen_55.cif,True,Ca3 Ge5 Au3,Au-Ca-Ge,11,,provenance://mattergen/outputs/dielectric_rl/direct_rl_target12_online/matinvent_style_target12_tri_fixed_scaler_gpu/loop_0015/postprocess/relaxed/relaxed_cifs/gen_55_relaxed.cif,True,-44.20497131347656
gen_56,provenance://mattergen/outputs/dielectric_rl/direct_rl_target12_online/matinvent_style_target12_tri_fixed_scaler_gpu/loop_0015/postprocess/input_cifs/gen_56.cif,provenance://mattergen/outputs/dielectric_rl/direct_rl_target12_online/matinvent_style_target12_tri_fixed_scaler_gpu/loop_0015/postprocess/input_cifs/gen_56.cif,True,La4 Tb2 Pt4,La-Pt-Tb,10,,provenance://mattergen/outputs/dielectric_rl/direct_rl_target12_online/matinvent_style_target12_tri_fixed_scaler_gpu/loop_0015/postprocess/relaxed/relaxed_cifs/gen_56_relaxed.cif,True,-62.92599868774414
gen_57,provenance://mattergen/outputs/dielectric_rl/direct_rl_target12_online/matinvent_style_target12_tri_fixed_scaler_gpu/loop_0015/postprocess/input_cifs/gen_57.cif,provenance://mattergen/outputs/dielectric_rl/direct_rl_target12_online/matinvent_style_target12_tri_fixed_scaler_gpu/loop_0015/postprocess/input_cifs/gen_57.cif,True,K6 Cd10 Ag4,Ag-Cd-K,20,,provenance://mattergen/outputs/dielectric_rl/direct_rl_target12_online/matinvent_style_target12_tri_fixed_scaler_gpu/loop_0015/postprocess/relaxed/relaxed_cifs/gen_57_relaxed.cif,True,-28.13607406616211
gen_58,provenance://mattergen/outputs/dielectric_rl/direct_rl_target12_online/matinvent_style_target12_tri_fixed_scaler_gpu/loop_0015/postprocess/input_cifs/gen_58.cif,provenance://mattergen/outputs/dielectric_rl/direct_rl_target12_online/matinvent_style_target12_tri_fixed_scaler_gpu/loop_0015/postprocess/input_cifs/gen_58.cif,True,Y1 Pb2 F7,F-Pb-Y,10,,provenance://mattergen/outputs/dielectric_rl/direct_rl_target12_online/matinvent_style_target12_tri_fixed_scaler_gpu/loop_0015/postprocess/relaxed/relaxed_cifs/gen_58_relaxed.cif,True,-57.21907424926758
gen_59,provenance://mattergen/outputs/dielectric_rl/direct_rl_target12_online/matinvent_style_target12_tri_fixed_scaler_gpu/loop_0015/postprocess/input_cifs/gen_59.cif,provenance://mattergen/outputs/dielectric_rl/direct_rl_target12_online/matinvent_style_target12_tri_fixed_scaler_gpu/loop_0015/postprocess/input_cifs/gen_59.cif,True,Sm1 Y1 Al4,Al-Sm-Y,6,,provenance://mattergen/outputs/dielectric_rl/direct_rl_target12_online/matinvent_style_target12_tri_fixed_scaler_gpu/loop_0015/postprocess/relaxed/relaxed_cifs/gen_59_relaxed.cif,True,-29.216705322265625
gen_6,provenance://mattergen/outputs/dielectric_rl/direct_rl_target12_online/matinvent_style_target12_tri_fixed_scaler_gpu/loop_0015/postprocess/input_cifs/gen_6.cif,provenance://mattergen/outputs/dielectric_rl/direct_rl_target12_online/matinvent_style_target12_tri_fixed_scaler_gpu/loop_0015/postprocess/input_cifs/gen_6.cif,True,Dy4 Y1 Tl2,Dy-Tl-Y,7,,provenance://mattergen/outputs/dielectric_rl/direct_rl_target12_online/matinvent_style_target12_tri_fixed_scaler_gpu/loop_0015/postprocess/relaxed/relaxed_cifs/gen_6_relaxed.cif,True,-30.9197998046875
gen_60,provenance://mattergen/outputs/dielectric_rl/direct_rl_target12_online/matinvent_style_target12_tri_fixed_scaler_gpu/loop_0015/postprocess/input_cifs/gen_60.cif,provenance://mattergen/outputs/dielectric_rl/direct_rl_target12_online/matinvent_style_target12_tri_fixed_scaler_gpu/loop_0015/postprocess/input_cifs/gen_60.cif,True,Nd3 Fe2 Si4,Fe-Nd-Si,9,,provenance://mattergen/outputs/dielectric_rl/direct_rl_target12_online/matinvent_style_target12_tri_fixed_scaler_gpu/loop_0015/postprocess/relaxed/relaxed_cifs/gen_60_relaxed.cif,True,-58.58991241455078
gen_61,provenance://mattergen/outputs/dielectric_rl/direct_rl_target12_online/matinvent_style_target12_tri_fixed_scaler_gpu/loop_0015/postprocess/input_cifs/gen_61.cif,provenance://mattergen/outputs/dielectric_rl/direct_rl_target12_online/matinvent_style_target12_tri_fixed_scaler_gpu/loop_0015/postprocess/input_cifs/gen_61.cif,True,Ni3 Pd2 Pt1,Ni-Pd-Pt,6,,provenance://mattergen/outputs/dielectric_rl/direct_rl_target12_online/matinvent_style_target12_tri_fixed_scaler_gpu/loop_0015/postprocess/relaxed/relaxed_cifs/gen_61_relaxed.cif,True,-33.61409378051758
gen_62,provenance://mattergen/outputs/dielectric_rl/direct_rl_target12_online/matinvent_style_target12_tri_fixed_scaler_gpu/loop_0015/postprocess/input_cifs/gen_62.cif,provenance://mattergen/outputs/dielectric_rl/direct_rl_target12_online/matinvent_style_target12_tri_fixed_scaler_gpu/loop_0015/postprocess/input_cifs/gen_62.cif,True,Rb2 Tl2 As4,As-Rb-Tl,8,,provenance://mattergen/outputs/dielectric_rl/direct_rl_target12_online/matinvent_style_target12_tri_fixed_scaler_gpu/loop_0015/postprocess/relaxed/relaxed_cifs/gen_62_relaxed.cif,True,-26.58613586425781
gen_63,provenance://mattergen/outputs/dielectric_rl/direct_rl_target12_online/matinvent_style_target12_tri_fixed_scaler_gpu/loop_0015/postprocess/input_cifs/gen_63.cif,provenance://mattergen/outputs/dielectric_rl/direct_rl_target12_online/matinvent_style_target12_tri_fixed_scaler_gpu/loop_0015/postprocess/input_cifs/gen_63.cif,True,Ce2 P1 H2 Rh5,Ce-H-P-Rh,10,,provenance://mattergen/outputs/dielectric_rl/direct_rl_target12_online/matinvent_style_target12_tri_fixed_scaler_gpu/loop_0015/postprocess/relaxed/relaxed_cifs/gen_63_relaxed.cif,True,-66.81539916992188
gen_7,provenance://mattergen/outputs/dielectric_rl/direct_rl_target12_online/matinvent_style_target12_tri_fixed_scaler_gpu/loop_0015/postprocess/input_cifs/gen_7.cif,provenance://mattergen/outputs/dielectric_rl/direct_rl_target12_online/matinvent_style_target12_tri_fixed_scaler_gpu/loop_0015/postprocess/input_cifs/gen_7.cif,True,Nd1 Dy2 Cd1,Cd-Dy-Nd,4,,provenance://mattergen/outputs/dielectric_rl/direct_rl_target12_online/matinvent_style_target12_tri_fixed_scaler_gpu/loop_0015/postprocess/relaxed/relaxed_cifs/gen_7_relaxed.cif,True,-15.087031364440918
gen_8,provenance://mattergen/outputs/dielectric_rl/direct_rl_target12_online/matinvent_style_target12_tri_fixed_scaler_gpu/loop_0015/postprocess/input_cifs/gen_8.cif,provenance://mattergen/outputs/dielectric_rl/direct_rl_target12_online/matinvent_style_target12_tri_fixed_scaler_gpu/loop_0015/postprocess/input_cifs/gen_8.cif,True,Sm3 Ho2 Tm3 Ir4,Ho-Ir-Sm-Tm,12,,provenance://mattergen/outputs/dielectric_rl/direct_rl_target12_online/matinvent_style_target12_tri_fixed_scaler_gpu/loop_0015/postprocess/relaxed/relaxed_cifs/gen_8_relaxed.cif,True,-80.10466003417969
gen_9,provenance://mattergen/outputs/dielectric_rl/direct_rl_target12_online/matinvent_style_target12_tri_fixed_scaler_gpu/loop_0015/postprocess/input_cifs/gen_9.cif,provenance://mattergen/outputs/dielectric_rl/direct_rl_target12_online/matinvent_style_target12_tri_fixed_scaler_gpu/loop_0015/postprocess/input_cifs/gen_9.cif,True,Li2 Co1 As1 N1,As-Co-Li-N,5,,provenance://mattergen/outputs/dielectric_rl/direct_rl_target12_online/matinvent_style_target12_tri_fixed_scaler_gpu/loop_0015/postprocess/relaxed/relaxed_cifs/gen_9_relaxed.cif,True,-25.48501968383789
