guidance_factor,condition,subset,family_type,n_generated_group,n_subset,n_stable_in_subset,n_unique_in_subset,n_novel_in_subset,n_sun_in_subset,n_families,largest_family_fraction,top5_cumulative_fraction,shannon_entropy,effective_num_families,hhi,mean_family_size,median_family_size,frac_in_families_ge_5,boot_largest_family_fraction_lo,boot_largest_family_fraction_hi,boot_effective_num_families_lo,boot_effective_num_families_hi,boot_hhi_lo,boot_hhi_hi
0,2,all_relaxed,chemical_system,128,128,55,128,93,28,126,0.015625,0.0546875,4.830369414527117,125.25722394722536,0.008056640625,1.0158730158730158,1.0,0.0,0.0234375,0.046875,64.5339451458707,78.51255150772666,0.0140380859375,0.0179443359375
0,2,all_relaxed,reduced_formula,128,128,55,128,93,28,126,0.015625,0.0546875,4.830369414527117,125.25722394722536,0.008056640625,1.0158730158730158,1.0,0.0,,,,,,
0,2,all_relaxed,anonymized_formula,128,128,55,128,93,28,64,0.1171875,0.3671875,3.7417945759742652,42.17360603563079,0.0389404296875,2.0,1.0,0.3671875,,,,,,
0,2,all_relaxed,structure_family,128,128,55,128,93,28,128,0.0078125,0.0390625,4.852030263919617,127.99999999999997,0.0078125,1.0,1.0,0.0,0.0234375,0.046875,65.46660402331969,79.46207329750038,0.013916015625,0.017581176757812497
0,2,all_relaxed,space_group,128,128,55,128,93,28,40,0.171875,0.4453125,3.218235934703575,24.98400786303561,0.0615234375,3.2,2.0,0.609375,,,,,,
0,2,sun_positive,chemical_system,128,28,28,28,28,28,27,0.07142857142857142,0.21428571428571425,3.282693997278064,26.647464284297328,0.03826530612244898,1.037037037037037,1.0,0.0,0.07142857142857142,0.17857142857142858,12.065649346329883,19.07266298476861,0.05612244897959184,0.09693877551020408
0,2,sun_positive,reduced_formula,128,28,28,28,28,28,27,0.07142857142857142,0.21428571428571425,3.282693997278064,26.647464284297328,0.03826530612244898,1.037037037037037,1.0,0.0,,,,,,
0,2,sun_positive,anonymized_formula,128,28,28,28,28,28,19,0.25,0.5,2.6785080005140816,14.563348569775108,0.09948979591836735,1.4736842105263157,1.0,0.25,,,,,,
0,2,sun_positive,structure_family,128,28,28,28,28,28,28,0.03571428571428571,0.17857142857142855,3.3322045101752034,27.999999999999986,0.03571428571428572,1.0,1.0,0.0,0.07142857142857142,0.17857142857142858,12.5952686940961,19.43243323134895,0.05612244897959184,0.08934948979591831
0,2,sun_positive,space_group,128,28,28,28,28,28,19,0.17857142857142858,0.4642857142857142,2.7972523184691336,16.399524138583203,0.0739795918367347,1.4736842105263157,1.0,0.17857142857142858,,,,,,
0,4,all_relaxed,chemical_system,128,128,51,128,93,24,125,0.015625,0.0625,4.819538989830868,123.90795478350658,0.0081787109375,1.024,1.0,0.0,0.0234375,0.046875,63.98293407228102,78.03672894548201,0.01416015625,0.0181884765625
0,4,all_relaxed,reduced_formula,128,128,51,128,93,24,127,0.015625,0.046875,4.841199839223365,126.62118568882849,0.0079345703125,1.0078740157480315,1.0,0.0,,,,,,
0,4,all_relaxed,anonymized_formula,128,128,51,128,93,24,59,0.15625,0.3359375,3.658917466004297,38.819296908753586,0.0440673828125,2.169491525423729,1.0,0.4140625,,,,,,
0,4,all_relaxed,structure_family,128,128,51,128,93,24,128,0.0078125,0.0390625,4.852030263919617,127.99999999999997,0.0078125,1.0,1.0,0.0,0.0234375,0.046875,65.46660402331969,79.46207329750038,0.013916015625,0.017581176757812497
0,4,all_relaxed,space_group,128,128,51,128,93,24,46,0.203125,0.4453125,3.279963549641909,26.574804021096952,0.0682373046875,2.782608695652174,1.0,0.53125,,,,,,
0,4,sun_positive,chemical_system,128,24,24,24,24,24,24,0.041666666666666664,0.20833333333333331,3.1780538303479453,23.999999999999993,0.041666666666666664,1.0,1.0,0.0,0.08333333333333333,0.20833333333333334,10.609378422285168,16.97056274847715,0.0625,0.11111111111111108
0,4,sun_positive,reduced_formula,128,24,24,24,24,24,24,0.041666666666666664,0.20833333333333331,3.1780538303479453,23.999999999999993,0.041666666666666664,1.0,1.0,0.0,,,,,,
0,4,sun_positive,anonymized_formula,128,24,24,24,24,24,16,0.16666666666666666,0.5416666666666666,2.6363914389377974,13.962727235148423,0.08333333333333333,1.5,1.0,0.0,,,,,,
0,4,sun_positive,structure_family,128,24,24,24,24,24,24,0.041666666666666664,0.20833333333333331,3.1780538303479453,23.999999999999993,0.041666666666666664,1.0,1.0,0.0,0.08333333333333333,0.20833333333333334,10.609378422285168,16.97056274847715,0.0625,0.11111111111111108
0,4,sun_positive,space_group,128,24,24,24,24,24,13,0.20833333333333334,0.6666666666666667,2.3588541388940216,10.5788226433815,0.1145833333333333,1.8461538461538463,1.0,0.20833333333333334,,,,,,
0,8,all_relaxed,chemical_system,128,128,46,126,95,20,125,0.015625,0.0625,4.819538989830868,123.90795478350658,0.0081787109375,1.024,1.0,0.0,0.0234375,0.0546875,64.0291538317099,78.51148905473651,0.0140380859375,0.018069458007812497
0,8,all_relaxed,reduced_formula,128,128,46,126,95,20,127,0.015625,0.046875,4.841199839223365,126.62118568882849,0.0079345703125,1.0078740157480315,1.0,0.0,,,,,,
0,8,all_relaxed,anonymized_formula,128,128,46,126,95,20,59,0.1796875,0.375,3.5851507963602716,36.058794843917845,0.05224609375,2.169491525423729,1.0,0.453125,,,,,,
0,8,all_relaxed,structure_family,128,128,46,126,95,20,127,0.015625,0.046875,4.841199839223365,126.62118568882849,0.0079345703125,1.0078740157480315,1.0,0.0,0.0234375,0.046875,64.9458498988294,78.92809860667816,0.013916015625,0.017822265625
0,8,all_relaxed,space_group,128,128,46,126,95,20,42,0.1796875,0.4140625,3.2870683664422367,26.764285453544126,0.0596923828125,3.0476190476190474,2.0,0.546875,,,,,,
0,8,sun_positive,chemical_system,128,20,20,20,20,20,20,0.05,0.25,2.995732273553991,19.999999999999996,0.05000000000000002,1.0,1.0,0.0,0.1,0.25,8.854674932955563,14.142135623730947,0.07500000000000002,0.13
0,8,sun_positive,reduced_formula,128,20,20,20,20,20,20,0.05,0.25,2.995732273553991,19.999999999999996,0.05000000000000002,1.0,1.0,0.0,,,,,,
0,8,sun_positive,anonymized_formula,128,20,20,20,20,20,17,0.15,0.39999999999999997,2.7616257121977803,15.825549836003068,0.07,1.1764705882352942,1.0,0.0,,,,,,
0,8,sun_positive,structure_family,128,20,20,20,20,20,20,0.05,0.25,2.995732273553991,19.999999999999996,0.05000000000000002,1.0,1.0,0.0,0.1,0.25,8.854674932955563,14.142135623730947,0.07500000000000002,0.13
0,8,sun_positive,space_group,128,20,20,20,20,20,15,0.15,0.5,2.5968338688975634,13.42117748694509,0.08500000000000002,1.3333333333333333,1.0,0.0,,,,,,
0,12,all_relaxed,chemical_system,128,128,46,128,96,23,128,0.0078125,0.0390625,4.852030263919617,127.99999999999997,0.0078125,1.0,1.0,0.0,0.0234375,0.046875,65.46660402331969,79.46207329750038,0.013916015625,0.017581176757812497
0,12,all_relaxed,reduced_formula,128,128,46,128,96,23,128,0.0078125,0.0390625,4.852030263919617,127.99999999999997,0.0078125,1.0,1.0,0.0,,,,,,
0,12,all_relaxed,anonymized_formula,128,128,46,128,96,23,60,0.140625,0.375,3.6686781769017185,39.20005606016791,0.042724609375,2.1333333333333333,1.0,0.375,,,,,,
0,12,all_relaxed,structure_family,128,128,46,128,96,23,128,0.0078125,0.0390625,4.852030263919617,127.99999999999997,0.0078125,1.0,1.0,0.0,0.0234375,0.046875,65.46660402331969,79.46207329750038,0.013916015625,0.017581176757812497
0,12,all_relaxed,space_group,128,128,46,128,96,23,39,0.25,0.484375,3.0843341346798865,21.8529109009524,0.088134765625,3.282051282051282,2.0,0.5234375,,,,,,
0,12,sun_positive,chemical_system,128,23,23,23,23,23,23,0.043478260869565216,0.21739130434782608,3.1354942159291497,23.0,0.043478260869565195,1.0,1.0,0.0,0.08695652173913043,0.21739130434782608,10.269585000996708,16.020228559615543,0.06616257088846882,0.11162570888468804
0,12,sun_positive,reduced_formula,128,23,23,23,23,23,23,0.043478260869565216,0.21739130434782608,3.1354942159291497,23.0,0.043478260869565195,1.0,1.0,0.0,,,,,,
0,12,sun_positive,anonymized_formula,128,23,23,23,23,23,21,0.08695652173913043,0.30434782608695654,3.014946880179594,20.388007904465802,0.05103969754253306,1.0952380952380953,1.0,0.0,,,,,,
0,12,sun_positive,structure_family,128,23,23,23,23,23,23,0.043478260869565216,0.21739130434782608,3.1354942159291497,23.0,0.043478260869565195,1.0,1.0,0.0,0.08695652173913043,0.21739130434782608,10.269585000996708,16.020228559615543,0.06616257088846882,0.11162570888468804
0,12,sun_positive,space_group,128,23,23,23,23,23,14,0.30434782608695654,0.6086956521739131,2.339689769385175,10.378016484839543,0.13799621928166345,1.6428571428571428,1.0,0.30434782608695654,,,,,,
1,2,all_relaxed,chemical_system,128,128,57,128,96,34,124,0.015625,0.0703125,4.808708565134619,122.57321992941726,0.00830078125,1.032258064516129,1.0,0.0,0.0234375,0.04707031249999982,63.542353822218104,77.55321303464869,0.0142791748046875,0.0181884765625
1,2,all_relaxed,reduced_formula,128,128,57,128,96,34,126,0.015625,0.0546875,4.830369414527117,125.25722394722536,0.008056640625,1.0158730158730158,1.0,0.0,,,,,,
1,2,all_relaxed,anonymized_formula,128,128,57,128,96,34,56,0.078125,0.3515625,3.6388297036079464,38.04728406130853,0.03759765625,2.2857142857142856,1.0,0.46875,,,,,,
1,2,all_relaxed,structure_family,128,128,57,128,96,34,128,0.0078125,0.0390625,4.852030263919617,127.99999999999997,0.0078125,1.0,1.0,0.0,0.0234375,0.046875,65.46660402331969,79.46207329750038,0.013916015625,0.017581176757812497
1,2,all_relaxed,space_group,128,128,57,128,96,34,44,0.2421875,0.46875,3.183064758757653,24.120564098592112,0.082275390625,2.909090909090909,1.5,0.546875,,,,,,
1,2,sun_positive,chemical_system,128,34,34,34,34,34,33,0.058823529411764705,0.17647058823529413,3.485587161053812,32.641587353062974,0.03114186851211073,1.0303030303030303,1.0,0.0,0.08823529411764706,0.14705882352941177,15.201601312590778,22.842456921141228,0.0467128027681661,0.07785467128027682
1,2,sun_positive,reduced_formula,128,34,34,34,34,34,33,0.058823529411764705,0.17647058823529413,3.485587161053812,32.641587353062974,0.03114186851211073,1.0303030303030303,1.0,0.0,,,,,,
1,2,sun_positive,anonymized_formula,128,34,34,34,34,34,20,0.11764705882352941,0.44117647058823534,2.8685911173193386,17.612187206442684,0.06401384083044984,1.7,1.0,0.0,,,,,,
1,2,sun_positive,structure_family,128,34,34,34,34,34,34,0.029411764705882353,0.14705882352941177,3.5263605246161616,34.00000000000001,0.029411764705882353,1.0,1.0,0.0,0.08750000000000005,0.14705882352941177,15.708927197474162,23.19671331704678,0.0467128027681661,0.0726643598615917
1,2,sun_positive,space_group,128,34,34,34,34,34,23,0.2647058823529412,0.4705882352941177,2.822422163457761,16.81753620038272,0.09688581314878893,1.4782608695652173,1.0,0.2647058823529412,,,,,,
1,4,all_relaxed,chemical_system,128,128,44,128,97,24,127,0.015625,0.046875,4.841199839223365,126.62118568882849,0.0079345703125,1.0078740157480315,1.0,0.0,0.0234375,0.046875,64.76841868694902,79.25140726907264,0.013916015625,0.017822265625
1,4,all_relaxed,reduced_formula,128,128,44,128,97,24,128,0.0078125,0.0390625,4.852030263919617,127.99999999999997,0.0078125,1.0,1.0,0.0,,,,,,
1,4,all_relaxed,anonymized_formula,128,128,44,128,97,24,57,0.171875,0.359375,3.5680768417339874,35.44835475957404,0.05029296875,2.245614035087719,1.0,0.359375,,,,,,
1,4,all_relaxed,structure_family,128,128,44,128,97,24,128,0.0078125,0.0390625,4.852030263919617,127.99999999999997,0.0078125,1.0,1.0,0.0,0.0234375,0.046875,65.46660402331969,79.46207329750038,0.013916015625,0.017581176757812497
1,4,all_relaxed,space_group,128,128,44,128,97,24,41,0.2578125,0.4609375,3.1075425053199206,22.36601245146709,0.0887451171875,3.1219512195121952,1.0,0.578125,,,,,,
1,4,sun_positive,chemical_system,128,24,24,24,24,24,24,0.041666666666666664,0.20833333333333331,3.1780538303479453,23.999999999999993,0.041666666666666664,1.0,1.0,0.0,0.08333333333333333,0.20833333333333334,10.609378422285168,16.97056274847715,0.0625,0.11111111111111108
1,4,sun_positive,reduced_formula,128,24,24,24,24,24,24,0.041666666666666664,0.20833333333333331,3.1780538303479453,23.999999999999993,0.041666666666666664,1.0,1.0,0.0,,,,,,
1,4,sun_positive,anonymized_formula,128,24,24,24,24,24,15,0.125,0.5416666666666666,2.5927874269574187,13.366979200537545,0.08333333333333329,1.6,1.0,0.0,,,,,,
1,4,sun_positive,structure_family,128,24,24,24,24,24,24,0.041666666666666664,0.20833333333333331,3.1780538303479453,23.999999999999993,0.041666666666666664,1.0,1.0,0.0,0.08333333333333333,0.20833333333333334,10.609378422285168,16.97056274847715,0.0625,0.11111111111111108
1,4,sun_positive,space_group,128,24,24,24,24,24,19,0.16666666666666666,0.4166666666666667,2.8314802400679735,16.97056274847715,0.06944444444444442,1.263157894736842,1.0,0.0,,,,,,
1,8,all_relaxed,chemical_system,128,128,40,128,97,19,127,0.015625,0.046875,4.841199839223365,126.62118568882849,0.0079345703125,1.0078740157480315,1.0,0.0,0.0234375,0.046875,64.8200943241245,79.14074276759375,0.013916015625,0.017825317382812497
1,8,all_relaxed,reduced_formula,128,128,40,128,97,19,128,0.0078125,0.0390625,4.852030263919617,127.99999999999997,0.0078125,1.0,1.0,0.0,,,,,,
1,8,all_relaxed,anonymized_formula,128,128,40,128,97,19,63,0.0859375,0.3203125,3.7853437627350504,44.05081098350879,0.0328369140625,2.0317460317460316,1.0,0.359375,,,,,,
1,8,all_relaxed,structure_family,128,128,40,128,97,19,128,0.0078125,0.0390625,4.852030263919617,127.99999999999997,0.0078125,1.0,1.0,0.0,0.0234375,0.046875,65.46660402331969,79.46207329750038,0.013916015625,0.017581176757812497
1,8,all_relaxed,space_group,128,128,40,128,97,19,48,0.1328125,0.3671875,3.493087348010138,32.88732575076969,0.044677734375,2.6666666666666665,2.0,0.40625,,,,,,
1,8,sun_positive,chemical_system,128,19,19,19,19,19,19,0.05263157894736842,0.2631578947368421,2.94443897916644,18.99999999999999,0.05263157894736842,1.0,1.0,0.0,0.10526315789473684,0.2631578947368421,8.43256773714556,13.430238682898377,0.08033240997229917,0.13573407202216065
1,8,sun_positive,reduced_formula,128,19,19,19,19,19,19,0.05263157894736842,0.2631578947368421,2.94443897916644,18.99999999999999,0.05263157894736842,1.0,1.0,0.0,,,,,,
1,8,sun_positive,anonymized_formula,128,19,19,19,19,19,19,0.05263157894736842,0.2631578947368421,2.94443897916644,18.99999999999999,0.05263157894736842,1.0,1.0,0.0,,,,,,
1,8,sun_positive,structure_family,128,19,19,19,19,19,19,0.05263157894736842,0.2631578947368421,2.94443897916644,18.99999999999999,0.05263157894736842,1.0,1.0,0.0,0.10526315789473684,0.2631578947368421,8.43256773714556,13.430238682898377,0.08033240997229917,0.13573407202216065
1,8,sun_positive,space_group,128,19,19,19,19,19,16,0.15789473684210525,0.42105263157894735,2.698011019844113,14.850165646665618,0.07479224376731301,1.1875,1.0,0.0,,,,,,
1,12,all_relaxed,chemical_system,128,128,51,127,94,26,126,0.015625,0.0546875,4.830369414527117,125.25722394722536,0.008056640625,1.0158730158730158,1.0,0.0,0.0234375,0.046875,64.55478612177086,78.88542640445274,0.0140380859375,0.0179443359375
1,12,all_relaxed,reduced_formula,128,128,51,127,94,26,128,0.0078125,0.0390625,4.852030263919617,127.99999999999997,0.0078125,1.0,1.0,0.0,,,,,,
1,12,all_relaxed,anonymized_formula,128,128,51,127,94,26,65,0.15625,0.375,3.682991534669242,39.76517521532063,0.0460205078125,1.9692307692307693,1.0,0.4609375,,,,,,
1,12,all_relaxed,structure_family,128,128,51,127,94,26,128,0.0078125,0.0390625,4.852030263919617,127.99999999999997,0.0078125,1.0,1.0,0.0,0.0234375,0.046875,65.46660402331969,79.46207329750038,0.013916015625,0.017581176757812497
1,12,all_relaxed,space_group,128,128,51,127,94,26,41,0.125,0.40625,3.3055173648008753,27.26264267248197,0.051513671875,3.1219512195121952,2.0,0.5390625,,,,,,
1,12,sun_positive,chemical_system,128,26,26,26,26,26,26,0.038461538461538464,0.19230769230769232,3.258096538021482,26.000000000000004,0.038461538461538464,1.0,1.0,0.0,0.07692307692307693,0.19230769230769232,11.792391150516947,17.901122865525515,0.059171597633136105,0.09763313609467454
1,12,sun_positive,reduced_formula,128,26,26,26,26,26,26,0.038461538461538464,0.19230769230769232,3.258096538021482,26.000000000000004,0.038461538461538464,1.0,1.0,0.0,,,,,,
1,12,sun_positive,anonymized_formula,128,26,26,26,26,26,19,0.11538461538461539,0.46153846153846156,2.844613583584239,17.194912988361814,0.0650887573964497,1.368421052631579,1.0,0.0,,,,,,
1,12,sun_positive,structure_family,128,26,26,26,26,26,26,0.038461538461538464,0.19230769230769232,3.258096538021482,26.000000000000004,0.038461538461538464,1.0,1.0,0.0,0.07692307692307693,0.19230769230769232,11.792391150516947,17.901122865525515,0.059171597633136105,0.09763313609467454
1,12,sun_positive,space_group,128,26,26,26,26,26,20,0.07692307692307693,0.38461538461538464,2.9381824546861237,18.881497129486245,0.0562130177514793,1.3,1.0,0.0,,,,,,
2,2,all_relaxed,chemical_system,128,128,72,126,100,48,100,0.0625,0.1875,4.449330553758275,85.56964054927855,0.015380859375,1.28,1.0,0.1015625,0.0390625,0.109375,47.387471143591185,63.160339238334835,0.0184326171875,0.029544067382812497
2,2,all_relaxed,reduced_formula,128,128,72,126,100,48,111,0.046875,0.1484375,4.6076990480788504,100.2532062359607,0.01220703125,1.1531531531531531,1.0,0.0859375,,,,,,
2,2,all_relaxed,anonymized_formula,128,128,72,126,100,48,51,0.1015625,0.3828125,3.502459600723208,33.197002998664885,0.04443359375,2.5098039215686274,1.0,0.5,,,,,,
2,2,all_relaxed,structure_family,128,128,72,126,100,48,126,0.015625,0.0546875,4.830369414527117,125.25722394722536,0.008056640625,1.0158730158730158,1.0,0.0,0.0234375,0.046875,64.38386662840156,78.61415863521816,0.0140380859375,0.0179443359375
2,2,all_relaxed,space_group,128,128,72,126,100,48,41,0.2578125,0.484375,3.1096180715746087,22.412482801625845,0.08984375,3.1219512195121952,2.0,0.5234375,,,,,,
2,2,sun_positive,chemical_system,128,48,48,48,48,48,35,0.10416666666666667,0.31250000000000006,3.4218190296625037,30.62507229951223,0.0390625,1.3714285714285714,1.0,0.10416666666666667,0.08333333333333333,0.1875,16.189565996313014,24.610138815241495,0.04513888888888889,0.07988281249999998
2,2,sun_positive,reduced_formula,128,48,48,48,48,48,40,0.08333333333333333,0.2708333333333333,3.600369815202817,36.61177153012742,0.03125,1.2,1.0,0.0,,,,,,
2,2,sun_positive,anonymized_formula,128,48,48,48,48,48,27,0.125,0.43750000000000006,3.0699814489822037,21.541503054489223,0.059027777777777776,1.7777777777777777,1.0,0.3333333333333333,,,,,,
2,2,sun_positive,structure_family,128,48,48,48,48,48,48,0.020833333333333332,0.10416666666666666,3.8712010109078907,47.999999999999986,0.020833333333333336,1.0,1.0,0.0,0.0625,0.10468749999999953,22.81174015986452,31.688826822529105,0.033854166666666664,0.050368923611111095
2,2,sun_positive,space_group,128,48,48,48,48,48,20,0.3958333333333333,0.6249999999999999,2.3771004542361056,10.77361893011969,0.18142361111111113,2.4,1.0,0.3958333333333333,,,,,,
2,4,all_relaxed,chemical_system,128,128,47,124,94,26,128,0.0078125,0.0390625,4.852030263919617,127.99999999999997,0.0078125,1.0,1.0,0.0,0.0234375,0.046875,65.46660402331969,79.46207329750038,0.013916015625,0.017581176757812497
2,4,all_relaxed,reduced_formula,128,128,47,124,94,26,128,0.0078125,0.0390625,4.852030263919617,127.99999999999997,0.0078125,1.0,1.0,0.0,,,,,,
2,4,all_relaxed,anonymized_formula,128,128,47,124,94,26,52,0.1484375,0.3984375,3.4945346401705875,32.93495777992373,0.049560546875,2.4615384615384617,1.0,0.4375,,,,,,
2,4,all_relaxed,structure_family,128,128,47,124,94,26,128,0.0078125,0.0390625,4.852030263919617,127.99999999999997,0.0078125,1.0,1.0,0.0,0.0234375,0.046875,65.46660402331969,79.46207329750038,0.013916015625,0.017581176757812497
2,4,all_relaxed,space_group,128,128,47,124,94,26,46,0.1796875,0.40625,3.3650967888935845,28.93629787577144,0.0576171875,2.782608695652174,1.5,0.484375,,,,,,
2,4,sun_positive,chemical_system,128,26,26,26,26,26,26,0.038461538461538464,0.19230769230769232,3.258096538021482,26.000000000000004,0.038461538461538464,1.0,1.0,0.0,0.07692307692307693,0.19230769230769232,11.792391150516947,17.901122865525515,0.059171597633136105,0.09763313609467454
2,4,sun_positive,reduced_formula,128,26,26,26,26,26,26,0.038461538461538464,0.19230769230769232,3.258096538021482,26.000000000000004,0.038461538461538464,1.0,1.0,0.0,,,,,,
2,4,sun_positive,anonymized_formula,128,26,26,26,26,26,19,0.19230769230769232,0.46153846153846156,2.7685072768947623,15.934829958927999,0.07988165680473372,1.368421052631579,1.0,0.19230769230769232,,,,,,
2,4,sun_positive,structure_family,128,26,26,26,26,26,26,0.038461538461538464,0.19230769230769232,3.258096538021482,26.000000000000004,0.038461538461538464,1.0,1.0,0.0,0.07692307692307693,0.19230769230769232,11.792391150516947,17.901122865525515,0.059171597633136105,0.09763313609467454
2,4,sun_positive,space_group,128,26,26,26,26,26,18,0.15384615384615385,0.5,2.7249063991292166,15.254985980060146,0.07988165680473373,1.4444444444444444,1.0,0.0,,,,,,
2,8,all_relaxed,chemical_system,128,128,54,127,92,24,125,0.015625,0.0625,4.819538989830868,123.90795478350658,0.0081787109375,1.024,1.0,0.0,0.0234375,0.046875,64.15228691492678,78.60610889236021,0.0140380859375,0.0181884765625
2,8,all_relaxed,reduced_formula,128,128,54,127,92,24,127,0.015625,0.046875,4.841199839223365,126.62118568882849,0.0079345703125,1.0078740157480315,1.0,0.0,,,,,,
2,8,all_relaxed,anonymized_formula,128,128,54,127,92,24,52,0.1328125,0.4140625,3.456618362840202,31.709564760721182,0.0506591796875,2.4615384615384617,1.0,0.5,,,,,,
2,8,all_relaxed,structure_family,128,128,54,127,92,24,128,0.0078125,0.0390625,4.852030263919617,127.99999999999997,0.0078125,1.0,1.0,0.0,0.0234375,0.046875,65.46660402331969,79.46207329750038,0.013916015625,0.017581176757812497
2,8,all_relaxed,space_group,128,128,54,127,92,24,47,0.125,0.375,3.4835660823257966,32.5756827568375,0.0440673828125,2.723404255319149,2.0,0.4140625,,,,,,
2,8,sun_positive,chemical_system,128,24,24,24,24,24,23,0.08333333333333333,0.24999999999999997,3.120291565301285,22.652983504360673,0.045138888888888895,1.0434782608695652,1.0,0.0,0.08333333333333333,0.20937499999999906,10.350679118821235,16.604574572880775,0.06597222222222221,0.11458333333333331
2,8,sun_positive,reduced_formula,128,24,24,24,24,24,24,0.041666666666666664,0.20833333333333331,3.1780538303479453,23.999999999999993,0.041666666666666664,1.0,1.0,0.0,,,,,,
2,8,sun_positive,anonymized_formula,128,24,24,24,24,24,18,0.125,0.4583333333333333,2.787876228087594,16.24647932026295,0.06944444444444443,1.3333333333333333,1.0,0.0,,,,,,
2,8,sun_positive,structure_family,128,24,24,24,24,24,24,0.041666666666666664,0.20833333333333331,3.1780538303479453,23.999999999999993,0.041666666666666664,1.0,1.0,0.0,0.08333333333333333,0.20833333333333334,10.609378422285168,16.97056274847715,0.0625,0.11111111111111108
2,8,sun_positive,space_group,128,24,24,24,24,24,20,0.08333333333333333,0.375,2.947004770161298,19.04881262361841,0.05555555555555556,1.2,1.0,0.0,,,,,,
2,12,all_relaxed,chemical_system,128,128,54,128,96,29,126,0.015625,0.0546875,4.830369414527117,125.25722394722536,0.008056640625,1.0158730158730158,1.0,0.0,0.0234375,0.046875,64.51931804043411,78.92809860667816,0.0140380859375,0.0179443359375
2,12,all_relaxed,reduced_formula,128,128,54,128,96,29,128,0.0078125,0.0390625,4.852030263919617,127.99999999999997,0.0078125,1.0,1.0,0.0,,,,,,
2,12,all_relaxed,anonymized_formula,128,128,54,128,96,29,54,0.171875,0.390625,3.5209963246561844,33.81810549676648,0.0521240234375,2.3703703703703702,1.0,0.390625,,,,,,
2,12,all_relaxed,structure_family,128,128,54,128,96,29,128,0.0078125,0.0390625,4.852030263919617,127.99999999999997,0.0078125,1.0,1.0,0.0,0.0234375,0.046875,65.46660402331969,79.46207329750038,0.013916015625,0.017581176757812497
2,12,all_relaxed,space_group,128,128,54,128,96,29,38,0.1015625,0.453125,3.1800682787507792,24.048395490411437,0.05712890625,3.3684210526315788,2.0,0.6484375,,,,,,
2,12,sun_positive,chemical_system,128,29,29,29,29,29,29,0.034482758620689655,0.1724137931034483,3.367295829986473,28.999999999999964,0.03448275862068965,1.0,1.0,0.0,0.06896551724137931,0.1724137931034483,13.171756323361565,20.381548652084312,0.053507728894173594,0.08917954815695599
2,12,sun_positive,reduced_formula,128,29,29,29,29,29,29,0.034482758620689655,0.1724137931034483,3.367295829986473,28.999999999999964,0.03448275862068965,1.0,1.0,0.0,,,,,,
2,12,sun_positive,anonymized_formula,128,29,29,29,29,29,23,0.13793103448275862,0.3793103448275862,3.014630013724273,20.381548652084312,0.058263971462544584,1.2608695652173914,1.0,0.0,,,,,,
2,12,sun_positive,structure_family,128,29,29,29,29,29,29,0.034482758620689655,0.1724137931034483,3.367295829986473,28.999999999999964,0.03448275862068965,1.0,1.0,0.0,0.06896551724137931,0.1724137931034483,13.171756323361565,20.381548652084312,0.053507728894173594,0.08917954815695599
2,12,sun_positive,space_group,128,29,29,29,29,29,16,0.2413793103448276,0.5862068965517242,2.5268845245121456,12.514456856135935,0.10582639714625447,1.8125,1.0,0.2413793103448276,,,,,,
5,2,all_relaxed,chemical_system,128,128,84,118,104,60,61,0.1171875,0.421875,3.606254467168839,36.82785422560853,0.047607421875,2.098360655737705,1.0,0.421875,0.1015625,0.1796875,22.95816778387364,34.49991403947781,0.0411346435546875,0.0717803955078125
5,2,all_relaxed,reduced_formula,128,128,84,118,104,60,91,0.1171875,0.3203125,4.096803290597617,60.14770521161772,0.0341796875,1.4065934065934067,1.0,0.28125,,,,,,
5,2,all_relaxed,anonymized_formula,128,128,84,118,104,60,42,0.21875,0.5078125,3.1375724921798422,23.047850059363956,0.078369140625,3.0476190476190474,1.0,0.5078125,,,,,,
5,2,all_relaxed,structure_family,128,128,84,118,104,60,123,0.0234375,0.078125,4.789702388192049,120.265570882574,0.0086669921875,1.0406504065040652,1.0,0.0,0.0234375,0.0625,62.36618423915014,76.61068419047001,0.0145263671875,0.01904296875
5,2,all_relaxed,space_group,128,128,84,118,104,60,40,0.3984375,0.6171875,2.6651561626342586,14.370193458049796,0.178466796875,3.2,1.0,0.5859375,,,,,,
5,2,sun_positive,chemical_system,128,60,60,60,60,60,30,0.16666666666666666,0.49999999999999994,3.049073925054489,21.095799082726675,0.06833333333333334,2.0,1.0,0.36666666666666664,0.11666666666666667,0.26666666666666666,12.577688238218721,20.1858391952948,0.06109722222222222,0.11888888888888888
5,2,sun_positive,reduced_formula,128,60,60,60,60,60,43,0.16666666666666666,0.36666666666666664,3.46659932515344,32.02764144672311,0.050555555555555555,1.3953488372093024,1.0,0.25,,,,,,
5,2,sun_positive,anonymized_formula,128,60,60,60,60,60,25,0.25,0.5166666666666667,2.8119098625287147,16.641671191452332,0.09722222222222222,2.4,2.0,0.36666666666666664,,,,,,
5,2,sun_positive,structure_family,128,60,60,60,60,60,60,0.016666666666666666,0.08333333333333333,4.0943445622220995,59.99999999999993,0.016666666666666663,1.0,1.0,0.0,0.05,0.08333333333333333,29.355157675718406,39.24152320051589,0.027777777777777776,0.03944444444444445
5,2,sun_positive,space_group,128,60,60,60,60,60,15,0.5666666666666667,0.8333333333333334,1.6887211094763184,5.412554212670981,0.34666666666666657,4.0,1.0,0.7666666666666667,,,,,,
5,4,all_relaxed,chemical_system,128,128,37,126,99,19,125,0.015625,0.0625,4.819538989830868,123.90795478350658,0.0081787109375,1.024,1.0,0.0,0.0234375,0.046875,64.02663905185794,78.39771215561139,0.01416015625,0.0181884765625
5,4,all_relaxed,reduced_formula,128,128,37,126,99,19,127,0.015625,0.046875,4.841199839223365,126.62118568882849,0.0079345703125,1.0078740157480315,1.0,0.0,,,,,,
5,4,all_relaxed,anonymized_formula,128,128,37,126,99,19,60,0.125,0.3203125,3.743833034114756,42.259662847973395,0.0364990234375,2.1333333333333333,1.0,0.3203125,,,,,,
5,4,all_relaxed,structure_family,128,128,37,126,99,19,127,0.015625,0.046875,4.841199839223365,126.62118568882849,0.0079345703125,1.0078740157480315,1.0,0.0,0.0234375,0.046875,64.85515803993802,79.25424889009753,0.013916015625,0.017822265625
5,4,all_relaxed,space_group,128,128,37,126,99,19,43,0.1484375,0.3671875,3.3789619110485893,29.340297460220206,0.0496826171875,2.9767441860465116,2.0,0.53125,,,,,,
5,4,sun_positive,chemical_system,128,19,19,19,19,19,19,0.05263157894736842,0.2631578947368421,2.94443897916644,18.99999999999999,0.05263157894736842,1.0,1.0,0.0,0.10526315789473684,0.2631578947368421,8.43256773714556,13.430238682898377,0.08033240997229917,0.13573407202216065
5,4,sun_positive,reduced_formula,128,19,19,19,19,19,19,0.05263157894736842,0.2631578947368421,2.94443897916644,18.99999999999999,0.05263157894736842,1.0,1.0,0.0,,,,,,
5,4,sun_positive,anonymized_formula,128,19,19,19,19,19,13,0.15789473684210525,0.5789473684210527,2.479122436509393,11.930789796908995,0.09141274238227146,1.4615384615384615,1.0,0.0,,,,,,
5,4,sun_positive,structure_family,128,19,19,19,19,19,19,0.05263157894736842,0.2631578947368421,2.94443897916644,18.99999999999999,0.05263157894736842,1.0,1.0,0.0,0.10526315789473684,0.2631578947368421,8.43256773714556,13.430238682898377,0.08033240997229917,0.13573407202216065
5,4,sun_positive,space_group,128,19,19,19,19,19,14,0.15789473684210525,0.5263157894736842,2.552085297620966,12.833838270706808,0.08587257617728532,1.3571428571428572,1.0,0.0,,,,,,
5,8,all_relaxed,chemical_system,128,128,55,126,95,31,110,0.0390625,0.125,4.62261734889826,101.76002536942727,0.01123046875,1.1636363636363636,1.0,0.0390625,0.03125,0.078125,55.047920008620096,69.78879378944305,0.01611328125,0.022708129882812497
5,8,all_relaxed,reduced_formula,128,128,55,126,95,31,127,0.015625,0.046875,4.841199839223365,126.62118568882849,0.0079345703125,1.0078740157480315,1.0,0.0,,,,,,
5,8,all_relaxed,anonymized_formula,128,128,55,126,95,31,57,0.1015625,0.40625,3.6067569464273794,36.84636410852011,0.043212890625,2.245614035087719,1.0,0.40625,,,,,,
5,8,all_relaxed,structure_family,128,128,55,126,95,31,128,0.0078125,0.0390625,4.852030263919617,127.99999999999997,0.0078125,1.0,1.0,0.0,0.0234375,0.046875,65.46660402331969,79.46207329750038,0.013916015625,0.017581176757812497
5,8,all_relaxed,space_group,128,128,55,126,95,31,39,0.140625,0.4609375,3.1869355966457644,24.2141118292325,0.0604248046875,3.282051282051282,2.0,0.625,,,,,,
5,8,sun_positive,chemical_system,128,31,31,31,31,31,30,0.06451612903225806,0.1935483870967742,3.389268031545795,29.6442456743839,0.03433922996878251,1.0333333333333334,1.0,0.0,0.06451612903225806,0.16129032258064516,13.930568185172026,20.728605365336673,0.05098855359001038,0.08428720083246619
5,8,sun_positive,reduced_formula,128,31,31,31,31,31,31,0.03225806451612903,0.16129032258064516,3.4339872044851463,31.0,0.03225806451612903,1.0,1.0,0.0,,,,,,
5,8,sun_positive,anonymized_formula,128,31,31,31,31,31,23,0.22580645161290322,0.4193548387096774,2.8882708203112264,17.96222282111411,0.08220603537981272,1.3478260869565217,1.0,0.22580645161290322,,,,,,
5,8,sun_positive,structure_family,128,31,31,31,31,31,31,0.03225806451612903,0.16129032258064516,3.4339872044851463,31.0,0.03225806451612903,1.0,1.0,0.0,0.06451612903225806,0.16129032258064516,14.408863244343285,21.31380209599697,0.05098855359001038,0.08012486992715921
5,8,sun_positive,space_group,128,31,31,31,31,31,15,0.3225806451612903,0.6774193548387096,2.2997064913745437,9.971255375814838,0.15088449531737763,2.066666666666667,1.0,0.3225806451612903,,,,,,
5,12,all_relaxed,chemical_system,128,128,52,123,88,18,102,0.0390625,0.15625,4.506137349689447,90.57129672737837,0.01318359375,1.2549019607843137,1.0,0.0390625,0.0390625,0.078125,50.195410260052086,65.13189631938033,0.017578125,0.025634765625
5,12,all_relaxed,reduced_formula,128,128,52,123,88,18,123,0.03125,0.078125,4.787047715742121,119.94672858305903,0.0087890625,1.0406504065040652,1.0,0.0,,,,,,
5,12,all_relaxed,anonymized_formula,128,128,52,123,88,18,44,0.15625,0.484375,3.1783440758549957,24.006966903176465,0.0657958984375,2.909090909090909,1.0,0.671875,,,,,,
5,12,all_relaxed,structure_family,128,128,52,123,88,18,127,0.015625,0.046875,4.841199839223365,126.62118568882849,0.0079345703125,1.0078740157480315,1.0,0.0,0.0234375,0.046875,64.89733781806507,78.93618132323809,0.013916015625,0.017825317382812497
5,12,all_relaxed,space_group,128,128,52,123,88,18,41,0.09375,0.359375,3.3382678105457284,28.17028814275394,0.046630859375,3.1219512195121952,2.0,0.6484375,,,,,,
5,12,sun_positive,chemical_system,128,18,18,18,18,18,17,0.1111111111111111,0.33333333333333337,2.813355404500615,16.66574482117122,0.06172839506172839,1.0588235294117647,1.0,0.0,0.1111111111111111,0.2777777777777778,7.494148598900437,12.848627586028378,0.08641975308641975,0.154320987654321
5,12,sun_positive,reduced_formula,128,18,18,18,18,18,18,0.05555555555555555,0.2777777777777778,2.8903717578961645,17.999999999999996,0.05555555555555555,1.0,1.0,0.0,,,,,,
5,12,sun_positive,anonymized_formula,128,18,18,18,18,18,13,0.16666666666666666,0.5555555555555556,2.4762206495981647,11.896219369500566,0.09259259259259259,1.3846153846153846,1.0,0.0,,,,,,
5,12,sun_positive,structure_family,128,18,18,18,18,18,18,0.05555555555555555,0.2777777777777778,2.8903717578961645,17.999999999999996,0.05555555555555555,1.0,1.0,0.0,0.1111111111111111,0.2777777777777778,7.862224182626692,13.227610430480395,0.08024691358024691,0.14197530864197533
5,12,sun_positive,space_group,128,18,18,18,18,18,16,0.1111111111111111,0.38888888888888895,2.736339051105065,15.430391691355302,0.06790123456790123,1.125,1.0,0.0,,,,,,
