method,checkpoint,raw_group_dir,relaxed_group_dir,relax_steps,group,guidance_factor,target,n_structures,n_readable,n_struct_valid,n_predicted,mean_predicted_dielectric_scalar,median_predicted_dielectric_scalar,std_predicted_dielectric_scalar,mae,rmse,frac_within_1,frac_within_2,composition_valid_fraction,structure_valid_fraction,structure_comp_valid_fraction,metal_like_proxy_fraction,min_distance_median,volume_per_atom_median
fixed_film,outputs/film_sole_path/checkpoints/final.pt,provenance://crystalite/outputs/final report output/raw_groups/fixed_film__uncond,provenance://crystalite/outputs/final report output/relaxed_groups/fixed_film__uncond,50,fixed_film__uncond,0,uncond,128,128,128,128,7.062733224868063,5.042191223943026,4.763823418981821,,,,,0.7421875,1.0,0.7421875,0.1171875,2.070872742890099,18.180385065458665
fixed_film,outputs/film_sole_path/checkpoints/final.pt,provenance://crystalite/outputs/final report output/raw_groups/fixed_film__g1__t2,provenance://crystalite/outputs/final report output/relaxed_groups/fixed_film__g1__t2,50,fixed_film__g1__t2,1,2,128,128,127,127,2.71128338387099,2.380190016998732,1.3593608888776372,0.7602953975431614,1.5294561071461312,0.8110236220472441,0.9212598425196852,0.6015625,0.9921875,0.6015625,0.0,1.7350163326886046,16.655155282000003
fixed_film,outputs/film_sole_path/checkpoints/final.pt,provenance://crystalite/outputs/final report output/raw_groups/fixed_film__g1__t4,provenance://crystalite/outputs/final report output/relaxed_groups/fixed_film__g1__t4,50,fixed_film__g1__t4,1,4,128,128,126,126,4.446625572290506,3.683052901782157,2.5299837682880413,1.631964576388514,2.559197555449136,0.4523809523809524,0.7936507936507936,0.75,0.984375,0.734375,0.0,1.7498944138437431,14.961471628690465
fixed_film,outputs/film_sole_path/checkpoints/final.pt,provenance://crystalite/outputs/final report output/raw_groups/fixed_film__g1__t8,provenance://crystalite/outputs/final report output/relaxed_groups/fixed_film__g1__t8,50,fixed_film__g1__t8,1,8,128,128,127,127,7.552118493463537,6.51374397540706,4.158729367340213,3.373182518906582,4.166466903322309,0.1811023622047244,0.3070866141732283,0.703125,0.9921875,0.703125,0.0625,2.0614651124621477,20.9774270347524
fixed_film,outputs/film_sole_path/checkpoints/final.pt,provenance://crystalite/outputs/final report output/raw_groups/fixed_film__g1__t12,provenance://crystalite/outputs/final report output/relaxed_groups/fixed_film__g1__t12,50,fixed_film__g1__t12,1,12,128,128,128,128,9.428682798565651,8.573235240028318,4.400223611597435,4.4075645649657655,5.081572060766608,0.1171875,0.2265625,0.8203125,1.0,0.8203125,0.078125,2.215488956678896,23.003721509942554
fixed_film,outputs/film_sole_path/checkpoints/final.pt,provenance://crystalite/outputs/final report output/raw_groups/fixed_film__g2__t2,provenance://crystalite/outputs/final report output/relaxed_groups/fixed_film__g2__t2,50,fixed_film__g2__t2,2,2,128,128,125,125,2.305641600077972,2.1621951498551617,0.5796017530219485,0.4191783581199587,0.6531978829324918,0.888,0.968,0.5078125,0.9765625,0.5,0.0,1.590559360818037,18.729600873323413
fixed_film,outputs/film_sole_path/checkpoints/final.pt,provenance://crystalite/outputs/final report output/raw_groups/fixed_film__g2__t4,provenance://crystalite/outputs/final report output/relaxed_groups/fixed_film__g2__t4,50,fixed_film__g2__t4,2,4,128,128,124,124,3.7822005565744985,3.290906115529139,1.7872905521145834,1.1903918996362437,1.7933440172720607,0.4919354838709677,0.9274193548387096,0.765625,0.96875,0.7421875,0.0,1.5917963693131698,14.072760988910067
fixed_film,outputs/film_sole_path/checkpoints/final.pt,provenance://crystalite/outputs/final report output/raw_groups/fixed_film__g2__t8,provenance://crystalite/outputs/final report output/relaxed_groups/fixed_film__g2__t8,50,fixed_film__g2__t8,2,8,128,128,124,124,8.044206290780469,7.180116388959077,3.4609808594664715,2.882965140199634,3.4472804931427348,0.1854838709677419,0.3951612903225806,0.7421875,0.96875,0.71875,0.0546875,2.194278106188465,25.2278007764091
fixed_film,outputs/film_sole_path/checkpoints/final.pt,provenance://crystalite/outputs/final report output/raw_groups/fixed_film__g2__t12,provenance://crystalite/outputs/final report output/relaxed_groups/fixed_film__g2__t12,50,fixed_film__g2__t12,2,12,128,128,126,126,13.147311811294326,13.16339866333812,3.779433147140801,3.0971796373993232,3.935361903899496,0.1825396825396825,0.4444444444444444,0.71875,0.984375,0.7109375,0.0703125,2.3720451273858973,27.262925290981343
fixed_film,outputs/film_sole_path/checkpoints/final.pt,provenance://crystalite/outputs/final report output/raw_groups/fixed_film__g3__t2,provenance://crystalite/outputs/final report output/relaxed_groups/fixed_film__g3__t2,50,fixed_film__g3__t2,3,2,128,128,108,108,2.149021042214884,2.0242307180330927,0.601603025984593,0.4470704371172417,0.6170756058782584,0.8981481481481481,0.9907407407407408,0.453125,0.84375,0.3984375,0.0,1.4839914694735146,21.96572145614333
fixed_film,outputs/film_sole_path/checkpoints/final.pt,provenance://crystalite/outputs/final report output/raw_groups/fixed_film__g3__t4,provenance://crystalite/outputs/final report output/relaxed_groups/fixed_film__g3__t4,50,fixed_film__g3__t4,3,4,128,128,100,100,3.447018964394707,3.216056018098172,1.0538869442683931,0.968207337727765,1.1854783591974507,0.59,0.95,0.703125,0.78125,0.546875,0.0,1.3383638233329025,13.137302280040656
fixed_film,outputs/film_sole_path/checkpoints/final.pt,provenance://crystalite/outputs/final report output/raw_groups/fixed_film__g3__t8,provenance://crystalite/outputs/final report output/relaxed_groups/fixed_film__g3__t8,50,fixed_film__g3__t8,3,8,128,128,114,114,8.436781621144704,7.902400526896768,3.538846992547552,2.88576056712035,3.5502621736447577,0.2280701754385964,0.4035087719298245,0.796875,0.890625,0.6953125,0.0390625,2.1746710047117634,24.479609545451208
fixed_film,outputs/film_sole_path/checkpoints/final.pt,provenance://crystalite/outputs/final report output/raw_groups/fixed_film__g3__t12,provenance://crystalite/outputs/final report output/relaxed_groups/fixed_film__g3__t12,50,fixed_film__g3__t12,3,12,128,128,124,124,12.39466662554557,11.518159775867034,4.137149322423242,3.025916023804386,4.139291481263734,0.2096774193548387,0.4758064516129032,0.515625,0.96875,0.5078125,0.125,2.3652274451224464,27.861981514036064
fixed_film,outputs/film_sole_path/checkpoints/final.pt,provenance://crystalite/outputs/final report output/raw_groups/fixed_film__g4__t2,provenance://crystalite/outputs/final report output/relaxed_groups/fixed_film__g4__t2,50,fixed_film__g4__t2,4,2,128,128,77,77,2.17963275840497,2.039600905937512,0.866799726242139,0.6204252407891094,0.879688585830529,0.7532467532467533,0.948051948051948,0.7734375,0.6015625,0.4609375,0.0,1.1495997089753058,37.91959449538863
fixed_film,outputs/film_sole_path/checkpoints/final.pt,provenance://crystalite/outputs/final report output/raw_groups/fixed_film__g4__t4,provenance://crystalite/outputs/final report output/relaxed_groups/fixed_film__g4__t4,50,fixed_film__g4__t4,4,4,128,128,50,50,3.679421871529016,3.5008687052892133,1.045439539590192,0.8766170552198034,1.0834460257778145,0.66,0.98,0.71875,0.390625,0.2890625,0.0,0.4150688926170137,10.608603412292169
fixed_film,outputs/film_sole_path/checkpoints/final.pt,provenance://crystalite/outputs/final report output/raw_groups/fixed_film__g4__t8,provenance://crystalite/outputs/final report output/relaxed_groups/fixed_film__g4__t8,50,fixed_film__g4__t8,4,8,128,128,83,83,8.634709810216059,8.503703463182463,4.693970555661642,3.304269688722166,4.7085830094646965,0.1927710843373494,0.3975903614457831,0.640625,0.6484375,0.453125,0.03125,1.0238102938337974,22.999919833762064
fixed_film,outputs/film_sole_path/checkpoints/final.pt,provenance://crystalite/outputs/final report output/raw_groups/fixed_film__g4__t12,provenance://crystalite/outputs/final report output/relaxed_groups/fixed_film__g4__t12,50,fixed_film__g4__t12,4,12,128,128,120,120,14.606597178570194,16.453049704207324,15.539133184530687,9.436455383468068,15.692252976448538,0.1,0.1666666666666666,0.6015625,0.9375,0.5703125,0.4296875,2.322728021496179,23.487607898537966
fixed_film,outputs/film_sole_path/checkpoints/final.pt,provenance://crystalite/outputs/final report output/raw_groups/fixed_film__g5__t2,provenance://crystalite/outputs/final report output/relaxed_groups/fixed_film__g5__t2,50,fixed_film__g5__t2,5,2,126,126,60,60,2.206913009729818,2.159501455842835,0.9874266786773508,0.7582792246814737,1.00078681475952,0.6833333333333333,0.9666666666666668,0.6984126984126984,0.4761904761904761,0.3571428571428571,0.0,0.4557277498945042,86.29179314322911
fixed_film,outputs/film_sole_path/checkpoints/final.pt,provenance://crystalite/outputs/final report output/raw_groups/fixed_film__g5__t4,provenance://crystalite/outputs/final report output/relaxed_groups/fixed_film__g5__t4,50,fixed_film__g5__t4,5,4,124,124,21,21,1.7075292060177454,3.3290755911008376,7.637691188856517,2.6307481730512388,7.798200045960619,0.4761904761904761,0.9047619047619048,0.8467741935483871,0.1693548387096774,0.1451612903225806,0.0,0.2732079137503402,5.817166956542251
fixed_film,outputs/film_sole_path/checkpoints/final.pt,provenance://crystalite/outputs/final report output/raw_groups/fixed_film__g5__t8,provenance://crystalite/outputs/final report output/relaxed_groups/fixed_film__g5__t8,50,fixed_film__g5__t8,5,8,127,127,51,51,7.756681771902786,8.012858829339082,9.280724404095338,5.150551361119995,9.192507248291928,0.2352941176470588,0.392156862745098,0.6062992125984252,0.4015748031496063,0.2598425196850393,0.0314960629921259,0.4041945225299932,16.28976558137999
fixed_film,outputs/film_sole_path/checkpoints/final.pt,provenance://crystalite/outputs/final report output/raw_groups/fixed_film__g5__t12,provenance://crystalite/outputs/final report output/relaxed_groups/fixed_film__g5__t12,50,fixed_film__g5__t12,5,12,127,127,104,104,707.683361588947,13.01134329657914,4556.985114557137,728.9613504181416,4588.073071258904,0.0961538461538461,0.1826923076923076,0.6062992125984252,0.8188976377952756,0.5118110236220472,0.5039370078740157,2.2081288620484334,19.332445152388345
