method,group,guidance_factor,target,raw_group_dir,mattergen_group_dir,relaxed_group_dir,skipped_fraction,anisonet_unpredicted_cifs,elapsed_seconds,returncode,total_input_cifs,successful_input_cifs,skipped_input_cifs,skipped_high_order_cifs,skipped_unsupported_terminal_cifs,avg_relax_seconds_per_input,avg_relax_seconds_per_success,avg_energy_above_hull_per_atom,avg_rmsd_from_relaxation,frac_novel_unique_stable_structures,frac_stable_structures,frac_successful_jobs,avg_structure_validity,frac_novel_structures,frac_novel_systems,frac_novel_unique_structures,frac_unique_structures,frac_unique_systems,precision,recall,avg_comp_validity,avg_comp_validity_timeout_rate,avg_comp_validity_error_rate,avg_structure_comp_validity,avg_structure_comp_validity_timeout_rate,avg_structure_comp_validity_error_rate,smact_timeout_seconds,smact_checked_samples,n_structures,n_readable,n_struct_valid,n_predicted,mean_predicted_dielectric_scalar,median_predicted_dielectric_scalar,std_predicted_dielectric_scalar,mae,rmse,frac_within_1,frac_within_2,composition_valid_fraction,structure_valid_fraction,structure_comp_valid_fraction,metal_like_proxy_fraction,min_distance_median,volume_per_atom_median,un_rate,thermo_checked,thermo_success,thermo_failed,thermo_success_rate,thermo_stable_rate,thermo_metastable_rate,thermo_e_above_hull_mean,SUN,MSUN
fixed_film_raw_mattersim,fixed_film__g1__t12,1,12,provenance://crystalite/outputs/final output/raw_groups/fixed_film__g1__t12/cifs,provenance://crystalite/outputs/final report output/mattergen_eval_fixed_film_raw_skip8/fixed_film__g1__t12,provenance://crystalite/outputs/final report output/mattergen_eval_fixed_film_raw_skip8/fixed_film__g1__t12/successful_relaxed_cifs,0.046875,0,2241.802551,0,128,122,6,1,5,17.513515,18.374835,0.3046340087922078,0.991416994180778,0.0245901639344262,0.081967213114754,1.0,1.0,0.9344262295081968,0.6311475409836066,0.9344262295081968,1.0,1.0,0.0655737704918032,9.456298308386437e-06,0.8677685950413223,0.0081967213114754,0.0,0.8677685950413223,0.0081967213114754,0.0,2.0,121.0,122,122,122,122,9.2838458783942,8.113018375387977,4.584459244473048,4.579732753297844,5.31248407995681,0.1393442622950819,0.2377049180327868,0.8114754098360656,1.0,0.8114754098360656,0.081967213114754,2.252343766927529,23.93442631042299,0.9918032786885246,122.0,0.0,122.0,0.0,,,,,
fixed_film_raw_mattersim,fixed_film__g1__t2,1,2,provenance://crystalite/outputs/final output/raw_groups/fixed_film__g1__t2/cifs,provenance://crystalite/outputs/final report output/mattergen_eval_fixed_film_raw_skip8/fixed_film__g1__t2,provenance://crystalite/outputs/final report output/mattergen_eval_fixed_film_raw_skip8/fixed_film__g1__t2/successful_relaxed_cifs,0.046875,0,1846.028983,0,128,122,6,0,6,14.421511,15.130765,0.1947264423896249,0.9158693038345312,0.2459016393442623,0.319672131147541,1.0,1.0,0.9016393442622952,0.1721311475409836,0.9016393442622952,1.0,0.860655737704918,0.0983606557377049,1.773055932822457e-05,0.5819672131147541,0.0,0.0,0.5819672131147541,0.0,0.0,2.0,122.0,122,122,122,122,2.5517508703875422,2.275100838036087,1.3567472056305785,0.6867523284464461,1.4594875065626165,0.8442622950819673,0.9344262295081968,0.5819672131147541,1.0,0.5819672131147541,0.0,1.700007316999006,18.41681071842494,0.9672131147540984,122.0,0.0,122.0,0.0,,,,,
fixed_film_raw_mattersim,fixed_film__g1__t4,1,4,provenance://crystalite/outputs/final output/raw_groups/fixed_film__g1__t4/cifs,provenance://crystalite/outputs/final report output/mattergen_eval_fixed_film_raw_skip8/fixed_film__g1__t4,provenance://crystalite/outputs/final report output/mattergen_eval_fixed_film_raw_skip8/fixed_film__g1__t4/successful_relaxed_cifs,0.0078125,0,2212.355465,0,128,127,1,0,1,17.28351,17.4196,0.3035862952537398,0.8421078390167616,0.1102362204724409,0.1889763779527559,1.0,1.0,0.905511811023622,0.2283464566929134,0.905511811023622,1.0,0.9763779527559056,0.0944881889763779,2.2458708482417787e-05,0.7401574803149606,0.0,0.0,0.7401574803149606,0.0,0.0,2.0,127.0,127,127,127,127,4.272296832583232,3.533312145270441,2.544034408507851,1.686540382812709,2.548586889279116,0.4251968503937008,0.7795275590551181,0.7480314960629921,1.0,0.7480314960629921,0.0,1.6510226318497665,16.106113383848047,0.9763779527559056,127.0,0.0,127.0,0.0,,,,,
fixed_film_raw_mattersim,fixed_film__g1__t8,1,8,provenance://crystalite/outputs/final output/raw_groups/fixed_film__g1__t8/cifs,provenance://crystalite/outputs/final report output/mattergen_eval_fixed_film_raw_skip8/fixed_film__g1__t8,provenance://crystalite/outputs/final report output/mattergen_eval_fixed_film_raw_skip8/fixed_film__g1__t8/successful_relaxed_cifs,0.0,0,2016.328897,0,128,128,0,0,0,15.752105,15.752105,0.2901842577928951,0.8212188691535917,0.0625,0.15625,1.0,1.0,0.875,0.296875,0.875,1.0,1.0,0.125,2.4822783059514397e-05,0.8203125,0.0,0.0,0.8203125,0.0,0.0,2.0,128.0,128,128,128,128,7.334916800282011,6.044725190146819,4.312050067090516,3.463661113635228,4.346360266976569,0.1875,0.28125,0.703125,1.0,0.703125,0.0625,2.0628138816465977,22.146953187602712,0.984375,128.0,0.0,128.0,0.0,,,,,
fixed_film_raw_mattersim,fixed_film__g2__t12,2,12,provenance://crystalite/outputs/final output/raw_groups/fixed_film__g2__t12/cifs,provenance://crystalite/outputs/final report output/mattergen_eval_fixed_film_raw_skip8/fixed_film__g2__t12,provenance://crystalite/outputs/final report output/mattergen_eval_fixed_film_raw_skip8/fixed_film__g2__t12/successful_relaxed_cifs,0.375,0,1214.750563,0,128,80,48,27,21,9.488469,15.181551,0.3587951580037203,1.311585334849555,0.0,0.025,1.0,1.0,0.9625,0.7875,0.9625,1.0,1.0,0.0375,3.546111865644913e-06,0.8356164383561644,0.0875,0.0,0.8356164383561644,0.0875,0.0,2.0,73.0,80,80,80,80,13.356608140136018,13.052873787668084,4.516324968640088,3.655667621595831,4.6885618240528375,0.175,0.325,0.75,1.0,0.75,0.075,2.395686000171148,28.37909814145281,1.0,80.0,0.0,80.0,0.0,,,,,
fixed_film_raw_mattersim,fixed_film__g2__t2,2,2,provenance://crystalite/outputs/final output/raw_groups/fixed_film__g2__t2/cifs,provenance://crystalite/outputs/final report output/mattergen_eval_fixed_film_raw_skip8/fixed_film__g2__t2,provenance://crystalite/outputs/final report output/mattergen_eval_fixed_film_raw_skip8/fixed_film__g2__t2/successful_relaxed_cifs,0.0078125,0,1993.737916,0,128,127,1,0,1,15.575563,15.698205,0.1609402322208398,1.0579429763183863,0.2519685039370078,0.3149606299212598,1.0,1.0,0.9291338582677166,0.1496062992125984,0.9291338582677166,1.0,0.7637795275590551,0.0708661417322834,1.1820372885483044e-05,0.4881889763779528,0.0,0.0,0.4881889763779528,0.0,0.0,2.0,127.0,127,127,127,127,2.157978463493176,2.0325557749772654,0.6294410455746979,0.3905470059998259,0.6465551569691903,0.9212598425196852,0.984251968503937,0.5039370078740157,1.0,0.5039370078740157,0.0,1.5806189204406582,20.74739016624829,0.9606299212598424,127.0,0.0,127.0,0.0,,,,,
fixed_film_raw_mattersim,fixed_film__g2__t4,2,4,provenance://crystalite/outputs/final output/raw_groups/fixed_film__g2__t4/cifs,provenance://crystalite/outputs/final report output/mattergen_eval_fixed_film_raw_skip8/fixed_film__g2__t4,provenance://crystalite/outputs/final report output/mattergen_eval_fixed_film_raw_skip8/fixed_film__g2__t4/successful_relaxed_cifs,0.0,0,2627.41632,0,128,128,0,0,0,20.526267,20.526267,0.4056377607232776,0.9260498264890524,0.1015625,0.140625,1.0,1.0,0.9375,0.28125,0.9375,1.0,0.9375,0.0625,1.300241017403135e-05,0.7265625,0.0,0.0,0.7265625,0.0,0.0,2.0,128.0,128,128,128,128,3.482398079290558,2.908389849044867,1.9689989603012263,1.4878393776582988,2.028442734750944,0.328125,0.8359375,0.765625,1.0,0.765625,0.0,1.5293769660800027,16.43952197115032,0.9765625,128.0,0.0,128.0,0.0,,,,,
fixed_film_raw_mattersim,fixed_film__g2__t8,2,8,provenance://crystalite/outputs/final output/raw_groups/fixed_film__g2__t8/cifs,provenance://crystalite/outputs/final report output/mattergen_eval_fixed_film_raw_skip8/fixed_film__g2__t8,provenance://crystalite/outputs/final report output/mattergen_eval_fixed_film_raw_skip8/fixed_film__g2__t8/successful_relaxed_cifs,0.0078125,0,2285.268941,0,128,127,1,0,1,17.853244,17.993821,0.2987472143527128,1.0395385009155234,0.0708661417322834,0.1023622047244094,1.0,1.0,0.952755905511811,0.4960629921259842,0.952755905511811,1.0,0.9763779527559056,0.0472440944881889,1.1820372885483044e-05,0.8188976377952756,0.0,0.0,0.8188976377952756,0.0,0.0,2.0,127.0,127,127,127,127,7.71952950388019,7.1551116179773055,3.723264985819161,3.096940771562417,3.7191680143205215,0.1811023622047244,0.3543307086614173,0.7480314960629921,1.0,0.7480314960629921,0.0551181102362204,2.222276101447756,25.15694885447479,0.984251968503937,127.0,0.0,127.0,0.0,,,,,
fixed_film_raw_mattersim,fixed_film__g3__t12,3,12,provenance://crystalite/outputs/final output/raw_groups/fixed_film__g3__t12/cifs,provenance://crystalite/outputs/final report output/mattergen_eval_fixed_film_raw_skip8/fixed_film__g3__t12,provenance://crystalite/outputs/final report output/mattergen_eval_fixed_film_raw_skip8/fixed_film__g3__t12/successful_relaxed_cifs,0.953125,0,31.450433,0,128,6,122,35,87,0.242848,5.180761,0.251069504464523,1.600680819418991,0.5,0.5,1.0,1.0,1.0,0.1666666666666666,1.0,1.0,1.0,0.0,0.0,1.0,0.0,0.0,1.0,0.0,0.0,2.0,6.0,6,6,6,6,13.828561843300852,13.528729296388896,6.775296073480343,5.792837477585096,6.449612584040037,0.0,0.0,1.0,1.0,1.0,0.5,2.761952684118874,25.531120845681823,1.0,6.0,0.0,6.0,0.0,,,,,
fixed_film_raw_mattersim,fixed_film__g3__t2,3,2,provenance://crystalite/outputs/final output/raw_groups/fixed_film__g3__t2/cifs,provenance://crystalite/outputs/final report output/mattergen_eval_fixed_film_raw_skip8/fixed_film__g3__t2,provenance://crystalite/outputs/final report output/mattergen_eval_fixed_film_raw_skip8/fixed_film__g3__t2/successful_relaxed_cifs,0.0234375,0,2344.184295,0,128,125,3,0,2,18.313434,18.752956,0.2104973251168136,1.4555300082950318,0.28,0.304,1.0,1.0,0.968,0.136,0.968,1.0,0.68,0.032,7.092223731289827e-06,0.376,0.0,0.0,0.376,0.0,0.0,2.0,125.0,125,125,125,125,1.8867075889202845,1.8590522685458013,0.4986420480147779,0.4032382395777483,0.5094015226913249,0.96,1.0,0.448,1.0,0.448,0.0,1.542975434334338,25.727803312092792,0.976,125.0,0.0,125.0,0.0,,,,,
fixed_film_raw_mattersim,fixed_film__g3__t4,3,4,provenance://crystalite/outputs/final output/raw_groups/fixed_film__g3__t4/cifs,provenance://crystalite/outputs/final report output/mattergen_eval_fixed_film_raw_skip8/fixed_film__g3__t4,provenance://crystalite/outputs/final report output/mattergen_eval_fixed_film_raw_skip8/fixed_film__g3__t4/successful_relaxed_cifs,0.015625,0,2995.35654,0,128,126,2,0,2,23.400774,23.772215,0.375535340002547,1.1134105716717182,0.0476190476190476,0.0793650793650793,1.0,1.0,0.9603174603174603,0.3253968253968254,0.9603174603174603,1.0,0.8968253968253969,0.0396825396825396,7.092223731289827e-06,0.6587301587301587,0.0,0.0,0.6587301587301587,0.0,0.0,2.0,126.0,126,126,126,126,2.8494174643695565,2.4626497348823806,1.2340082872518718,1.5268687931931493,1.683606574262309,0.1904761904761904,0.8015873015873016,0.6984126984126984,1.0,0.6984126984126984,0.0,1.3762457685399565,18.968457166216297,0.984126984126984,126.0,0.0,126.0,0.0,,,,,
fixed_film_raw_mattersim,fixed_film__g3__t8,3,8,provenance://crystalite/outputs/final output/raw_groups/fixed_film__g3__t8/cifs,provenance://crystalite/outputs/final report output/mattergen_eval_fixed_film_raw_skip8/fixed_film__g3__t8,provenance://crystalite/outputs/final report output/mattergen_eval_fixed_film_raw_skip8/fixed_film__g3__t8/successful_relaxed_cifs,0.015625,0,2510.809575,0,128,126,2,0,2,19.615164,19.926516,0.3486840335059621,1.19122931222484,0.0079365079365079,0.0476190476190476,1.0,1.0,0.9603174603174603,0.6587301587301587,0.9603174603174603,1.0,0.984126984126984,0.0396825396825396,1.6548522039676263e-05,0.8968253968253969,0.0,0.0,0.8968253968253969,0.0,0.0,2.0,126.0,126,126,126,126,7.537890005030208,6.879730215578048,3.6020595621964198,3.0140420737728864,3.6173752737684097,0.1666666666666666,0.3492063492063492,0.8015873015873016,1.0,0.8015873015873016,0.0396825396825396,2.26978380435531,26.73079695280813,1.0,126.0,0.0,126.0,0.0,,,,,
fixed_film_raw_mattersim,fixed_film__g4__t12,4,12,provenance://crystalite/outputs/final output/raw_groups/fixed_film__g4__t12/cifs,provenance://crystalite/outputs/final report output/mattergen_eval_fixed_film_raw_skip8/fixed_film__g4__t12,provenance://crystalite/outputs/final report output/mattergen_eval_fixed_film_raw_skip8/fixed_film__g4__t12/successful_relaxed_cifs,1.0,0,0.641203,1,128,0,128,1,127,0.0,,,,,,,,,,,,,,,,,,,,,,,0,0,0,0,,,,,,,,,,,,,,,,,,,,,,,
fixed_film_raw_mattersim,fixed_film__g4__t2,4,2,provenance://crystalite/outputs/final output/raw_groups/fixed_film__g4__t2/cifs,provenance://crystalite/outputs/final report output/mattergen_eval_fixed_film_raw_skip8/fixed_film__g4__t2,provenance://crystalite/outputs/final report output/mattergen_eval_fixed_film_raw_skip8/fixed_film__g4__t2/successful_relaxed_cifs,0.078125,0,5049.656847,0,128,118,10,0,1,39.449967,42.793185,0.7778637360200205,1.8852769695206475,0.059322033898305,0.0677966101694915,1.0,1.0,0.9915254237288136,0.3135593220338983,0.9915254237288136,1.0,0.6271186440677966,0.0084745762711864,2.364074577096609e-06,0.7033898305084746,0.0,0.0,0.7033898305084746,0.0,0.0,2.0,118.0,118,118,118,118,1.9336936608982505,1.8577719919303608,0.8958060632435537,0.5388150944793363,0.8944632206052784,0.8898305084745762,0.9661016949152542,0.7796610169491526,1.0,0.7796610169491526,0.0,1.385968146023375,38.6447857912862,0.9915254237288136,118.0,0.0,118.0,0.0,,,,,
fixed_film_raw_mattersim,fixed_film__g4__t4,4,4,provenance://crystalite/outputs/final output/raw_groups/fixed_film__g4__t4/cifs,provenance://crystalite/outputs/final report output/mattergen_eval_fixed_film_raw_skip8/fixed_film__g4__t4,provenance://crystalite/outputs/final report output/mattergen_eval_fixed_film_raw_skip8/fixed_film__g4__t4/successful_relaxed_cifs,0.0390625,0,4031.0203,0,128,123,5,1,2,31.491884,32.772042,0.4735345793634483,1.2627161850115851,0.056910569105691,0.08130081300813,1.0,1.0,0.975609756097561,0.4634146341463415,0.975609756097561,1.0,0.8373983739837398,0.024390243902439,3.546111865644913e-06,0.6585365853658537,0.0,0.0,0.6585365853658537,0.0,0.0,2.0,123.0,123,123,123,123,2.5956072476428704,2.3268630153532537,0.9707682469699505,1.6059364602173425,1.705006826038529,0.1463414634146341,0.7723577235772358,0.7073170731707317,1.0,0.7073170731707317,0.0,1.2416049825539084,24.242521965854248,0.991869918699187,123.0,0.0,123.0,0.0,,,,,
fixed_film_raw_mattersim,fixed_film__g4__t8,4,8,provenance://crystalite/outputs/final output/raw_groups/fixed_film__g4__t8/cifs,provenance://crystalite/outputs/final report output/mattergen_eval_fixed_film_raw_skip8/fixed_film__g4__t8,provenance://crystalite/outputs/final report output/mattergen_eval_fixed_film_raw_skip8/fixed_film__g4__t8/successful_relaxed_cifs,0.2734375,0,2131.9541,0,128,93,35,11,21,16.654579,22.922431,0.3642912953009729,1.3651785630469806,0.043010752688172,0.064516129032258,1.0,1.0,0.978494623655914,0.7204301075268817,0.978494623655914,1.0,0.978494623655914,0.021505376344086,2.364074577096609e-06,0.8817204301075269,0.0,0.0,0.8817204301075269,0.0,0.0,2.0,93.0,93,93,93,93,8.00724832162461,7.093105686217746,3.9990705114201432,2.956769072078144,3.977518627164547,0.2473118279569892,0.4086021505376344,0.7096774193548387,1.0,0.7096774193548387,0.043010752688172,2.286828918327757,29.97124502786334,0.967741935483871,93.0,0.0,93.0,0.0,,,,,
fixed_film_raw_mattersim,fixed_film__g5__t12,5,12,provenance://crystalite/outputs/final output/raw_groups/fixed_film__g5__t12/cifs,provenance://crystalite/outputs/final report output/mattergen_eval_fixed_film_raw_skip8/fixed_film__g5__t12,provenance://crystalite/outputs/final report output/mattergen_eval_fixed_film_raw_skip8/fixed_film__g5__t12/successful_relaxed_cifs,0.9921875,0,4.297,0,128,1,127,0,127,0.030499,3.903847,1.6125222030682331,0.0062276560456293,0.0,0.0,1.0,1.0,1.0,0.0,1.0,1.0,1.0,0.0,0.0,1.0,0.0,0.0,1.0,0.0,0.0,2.0,1.0,1,1,1,1,-5.29649338378908,-5.29649338378908,,17.29649338378908,17.29649338378908,0.0,0.0,1.0,1.0,1.0,0.0,1.973996060404507,3.30552181125152,1.0,1.0,0.0,1.0,0.0,,,,,
fixed_film_raw_mattersim,fixed_film__g5__t2,5,2,provenance://crystalite/outputs/final output/raw_groups/fixed_film__g5__t2/cifs,provenance://crystalite/outputs/final report output/mattergen_eval_fixed_film_raw_skip8/fixed_film__g5__t2,provenance://crystalite/outputs/final report output/mattergen_eval_fixed_film_raw_skip8/fixed_film__g5__t2/successful_relaxed_cifs,0.203125,1,7350.037625,0,128,102,26,0,5,57.421543,72.058407,1.6127763296105289,2.253565617906204,0.0098039215686274,0.0098039215686274,1.0,0.9901960784313726,1.0,0.4803921568627451,1.0,1.0,0.7156862745098039,0.0,0.0,0.6862745098039216,0.0,0.0,0.6764705882352942,0.0,0.0,2.0,102.0,102,102,101,101,1.9696428527555925,1.7913361382857325,0.8985608643894574,0.6850118253746819,0.8946166826503253,0.7623762376237624,0.9603960396039604,0.6862745098039216,0.9901960784313726,0.6764705882352942,0.0,1.1131069178214372,67.95492373353422,1.0,101.0,0.0,101.0,0.0,,,,,
fixed_film_raw_mattersim,fixed_film__g5__t4,5,4,provenance://crystalite/outputs/final output/raw_groups/fixed_film__g5__t4/cifs,provenance://crystalite/outputs/final report output/mattergen_eval_fixed_film_raw_skip8/fixed_film__g5__t4,provenance://crystalite/outputs/final report output/mattergen_eval_fixed_film_raw_skip8/fixed_film__g5__t4/successful_relaxed_cifs,0.3125,6,8078.983557,0,128,88,40,4,8,63.11621,91.805396,0.6526138798601139,1.262555774357193,0.0454545454545454,0.0681818181818181,1.0,0.9318181818181818,0.9772727272727272,0.4431818181818182,0.9772727272727272,1.0,0.875,0.0227272727272727,2.364074577096609e-06,0.7613636363636364,0.0,0.0,0.7159090909090909,0.0,0.0,2.0,88.0,88,88,82,82,0.3349760304762105,2.460286086552209,21.48383830599408,3.837566028848757,21.664694453941017,0.2317073170731707,0.8048780487804879,0.8181818181818182,0.9318181818181818,0.7727272727272727,0.0,1.256535240383276,26.43056743078309,0.9886363636363636,82.0,0.0,82.0,0.0,,,,,
fixed_film_raw_mattersim,fixed_film__g5__t8,5,8,provenance://crystalite/outputs/final output/raw_groups/fixed_film__g5__t8/cifs,provenance://crystalite/outputs/final report output/mattergen_eval_fixed_film_raw_skip8/fixed_film__g5__t8,provenance://crystalite/outputs/final report output/mattergen_eval_fixed_film_raw_skip8/fixed_film__g5__t8/successful_relaxed_cifs,0.578125,1,1896.772308,0,128,54,74,27,41,14.816161,35.11979,0.4181916500111549,1.45297634174154,0.0555555555555555,0.074074074074074,1.0,0.9814814814814816,0.9629629629629628,0.7592592592592593,0.9629629629629628,1.0,0.9814814814814816,0.037037037037037,3.546111865644913e-06,0.7924528301886793,0.0185185185185185,0.0,0.7735849056603774,0.0185185185185185,0.0,2.0,53.0,54,54,53,53,8.945417033291498,8.218564092286048,4.736591089213691,3.432608826143376,4.786000528381024,0.1509433962264151,0.3396226415094339,0.6666666666666666,0.9814814814814816,0.6666666666666666,0.037037037037037,2.252012853855688,31.83428959138836,0.9814814814814816,53.0,0.0,53.0,0.0,,,,,
fixed_film_raw_mattersim,fixed_film__uncond,0,uncond,provenance://crystalite/outputs/final output/raw_groups/fixed_film__uncond/cifs,provenance://crystalite/outputs/final report output/mattergen_eval_fixed_film_raw_skip8/fixed_film__uncond,provenance://crystalite/outputs/final report output/mattergen_eval_fixed_film_raw_skip8/fixed_film__uncond/successful_relaxed_cifs,0.0546875,0,1705.61428,0,128,121,7,0,7,13.32451,14.095349,0.2434981123151966,0.7622857196574162,0.140495867768595,0.2644628099173554,1.0,1.0,0.859504132231405,0.2727272727272727,0.859504132231405,1.0,0.9917355371900828,0.140495867768595,3.3097044079352525e-05,0.768595041322314,0.0,0.0,0.768595041322314,0.0,0.0,2.0,121.0,121,121,121,121,6.81521931903654,4.732339422791065,4.782898564946047,,,,,0.743801652892562,1.0,0.743801652892562,0.1074380165289256,2.0748912007660905,19.29650890625555,0.975206611570248,121.0,0.0,121.0,0.0,,,,,
