thesis_output,condition,metric,reported_value,recomputed_value,match,notes
MatterGen guidance sweep,g0_target2,mean_prediction,5.302403560724194,5.302403560724194,True,
MatterGen guidance sweep,g0_target2,median_prediction,4.533562057616093,4.533562057616093,True,
MatterGen guidance sweep,g0_target2,MAE,3.3164796011923032,3.3164796011923032,True,
MatterGen guidance sweep,g0_target2,stable_fraction,0.4296875,0.4296875,True,
MatterGen guidance sweep,g0_target2,SUN_fraction,0.21875,0.21875,True,
MatterGen guidance sweep,g0_target4,mean_prediction,5.741565864317519,5.7415658643175185,True,
MatterGen guidance sweep,g0_target4,median_prediction,4.392432660912556,4.392432660912556,True,
MatterGen guidance sweep,g0_target4,MAE,2.5209800036135026,2.5209800036135026,True,
MatterGen guidance sweep,g0_target4,stable_fraction,0.3984375,0.3984375,True,
MatterGen guidance sweep,g0_target4,SUN_fraction,0.1875,0.1875,True,
MatterGen guidance sweep,g0_target8,mean_prediction,5.582813716244765,5.582813716244765,True,
MatterGen guidance sweep,g0_target8,median_prediction,4.687568569501023,4.687568569501023,True,
MatterGen guidance sweep,g0_target8,MAE,3.723730259985905,3.7237302599859046,True,
MatterGen guidance sweep,g0_target8,stable_fraction,0.359375,0.359375,True,
MatterGen guidance sweep,g0_target8,SUN_fraction,0.15625,0.15625,True,
MatterGen guidance sweep,g0_target12,mean_prediction,5.447815538553286,5.447815538553286,True,
MatterGen guidance sweep,g0_target12,median_prediction,4.563480743704753,4.563480743704753,True,
MatterGen guidance sweep,g0_target12,MAE,6.878909244468767,6.878909244468767,True,
MatterGen guidance sweep,g0_target12,stable_fraction,0.359375,0.359375,True,
MatterGen guidance sweep,g0_target12,SUN_fraction,0.1796875,0.1796875,True,
MatterGen guidance sweep,g1_target2,mean_prediction,3.4993856607041165,3.4993856607041165,True,
MatterGen guidance sweep,g1_target2,median_prediction,2.893529892668472,2.8935298926684716,True,
MatterGen guidance sweep,g1_target2,MAE,1.5880907009621392,1.5880907009621392,True,
MatterGen guidance sweep,g1_target2,stable_fraction,0.4453125,0.4453125,True,
MatterGen guidance sweep,g1_target2,SUN_fraction,0.265625,0.265625,True,
MatterGen guidance sweep,g1_target4,mean_prediction,4.972335646898872,4.9723356468988715,True,
MatterGen guidance sweep,g1_target4,median_prediction,4.161642642893651,4.161642642893651,True,
MatterGen guidance sweep,g1_target4,MAE,1.9488765883712984,1.9488765883712986,True,
MatterGen guidance sweep,g1_target4,stable_fraction,0.34375,0.34375,True,
MatterGen guidance sweep,g1_target4,SUN_fraction,0.1875,0.1875,True,
MatterGen guidance sweep,g1_target8,mean_prediction,8.924684939494501,8.924684939494501,True,
MatterGen guidance sweep,g1_target8,median_prediction,8.363433757430272,8.363433757430272,True,
MatterGen guidance sweep,g1_target8,MAE,3.653232930556903,3.6532329305569027,True,
MatterGen guidance sweep,g1_target8,stable_fraction,0.3125,0.3125,True,
MatterGen guidance sweep,g1_target8,SUN_fraction,0.1484375,0.1484375,True,
MatterGen guidance sweep,g1_target12,mean_prediction,8.78485369984844,8.78485369984844,True,
MatterGen guidance sweep,g1_target12,median_prediction,8.024088944660372,8.024088944660372,True,
MatterGen guidance sweep,g1_target12,MAE,4.884185185892443,4.884185185892443,True,
MatterGen guidance sweep,g1_target12,stable_fraction,0.3984375,0.3984375,True,
MatterGen guidance sweep,g1_target12,SUN_fraction,0.203125,0.203125,True,
MatterGen guidance sweep,g2_target2,mean_prediction,2.5090973182767,2.5090973182767,True,
MatterGen guidance sweep,g2_target2,median_prediction,2.231785415909028,2.2317854159090276,True,
MatterGen guidance sweep,g2_target2,MAE,0.7382901991144115,0.7382901991144115,True,
MatterGen guidance sweep,g2_target2,stable_fraction,0.5625,0.5625,True,
MatterGen guidance sweep,g2_target2,SUN_fraction,0.375,0.375,True,
MatterGen guidance sweep,g2_target4,mean_prediction,5.001191311680969,5.001191311680969,True,
MatterGen guidance sweep,g2_target4,median_prediction,4.110688770834365,4.110688770834365,True,
MatterGen guidance sweep,g2_target4,MAE,2.0504753110637743,2.0504753110637743,True,
MatterGen guidance sweep,g2_target4,stable_fraction,0.3671875,0.3671875,True,
MatterGen guidance sweep,g2_target4,SUN_fraction,0.203125,0.203125,True,
MatterGen guidance sweep,g2_target8,mean_prediction,10.6551696045629,10.6551696045629,True,
MatterGen guidance sweep,g2_target8,median_prediction,10.008490818417249,10.008490818417247,True,
MatterGen guidance sweep,g2_target8,MAE,3.934456470298602,3.934456470298602,True,
MatterGen guidance sweep,g2_target8,stable_fraction,0.421875,0.421875,True,
MatterGen guidance sweep,g2_target8,SUN_fraction,0.1875,0.1875,True,
MatterGen guidance sweep,g2_target12,mean_prediction,11.816756927601748,11.816756927601748,True,
MatterGen guidance sweep,g2_target12,median_prediction,11.018139367048796,11.018139367048795,True,
MatterGen guidance sweep,g2_target12,MAE,4.094748338256572,4.094748338256573,True,
MatterGen guidance sweep,g2_target12,stable_fraction,0.421875,0.421875,True,
MatterGen guidance sweep,g2_target12,SUN_fraction,0.2265625,0.2265625,True,
MatterGen guidance sweep,g5_target2,mean_prediction,1.9285439045787989,1.9285439045787989,True,
MatterGen guidance sweep,g5_target2,median_prediction,1.9632346873156488,1.9632346873156492,True,
MatterGen guidance sweep,g5_target2,MAE,0.5798777870169813,0.5798777870169813,True,
MatterGen guidance sweep,g5_target2,stable_fraction,0.65625,0.65625,True,
MatterGen guidance sweep,g5_target2,SUN_fraction,0.46875,0.46875,True,
MatterGen guidance sweep,g5_target4,mean_prediction,4.3070581520328695,4.3070581520328695,True,
MatterGen guidance sweep,g5_target4,median_prediction,3.726148861137169,3.726148861137169,True,
MatterGen guidance sweep,g5_target4,MAE,1.5032526602392846,1.5032526602392846,True,
MatterGen guidance sweep,g5_target4,stable_fraction,0.2890625,0.2890625,True,
MatterGen guidance sweep,g5_target4,SUN_fraction,0.1484375,0.1484375,True,
MatterGen guidance sweep,g5_target8,mean_prediction,14.283319444450768,14.283319444450768,True,
MatterGen guidance sweep,g5_target8,median_prediction,13.599062415449817,13.599062415449815,True,
MatterGen guidance sweep,g5_target8,MAE,6.496325120223082,6.496325120223082,True,
MatterGen guidance sweep,g5_target8,stable_fraction,0.4296875,0.4296875,True,
MatterGen guidance sweep,g5_target8,SUN_fraction,0.2421875,0.2421875,True,
MatterGen guidance sweep,g5_target12,mean_prediction,15.5291200019162,15.5291200019162,True,
MatterGen guidance sweep,g5_target12,median_prediction,15.134028008626055,15.134028008626057,True,
MatterGen guidance sweep,g5_target12,MAE,4.752751478783448,4.752751478783448,True,
MatterGen guidance sweep,g5_target12,stable_fraction,0.40625,0.40625,True,
MatterGen guidance sweep,g5_target12,SUN_fraction,0.140625,0.140625,True,
Crystalite FiLM guidance sweep,g0_target2,MAE,4.82,4.821409891727176,True,
Crystalite FiLM guidance sweep,g0_target4,MAE,3.5,3.5010189647031598,True,
Crystalite FiLM guidance sweep,g0_target8,MAE,4.24,4.2385660465096855,True,
Crystalite FiLM guidance sweep,g0_target12,MAE,6.54,6.543544247284054,True,
Crystalite FiLM guidance sweep,fixed_film__g1__t2,mean_prediction,2.71128338387099,2.71128338387099,True,
Crystalite FiLM guidance sweep,fixed_film__g1__t2,median_prediction,2.380190016998732,2.380190016998732,True,
Crystalite FiLM guidance sweep,fixed_film__g1__t2,MAE,0.7602953975431614,0.7602953975431614,True,
Crystalite FiLM guidance sweep,fixed_film__g1__t4,mean_prediction,4.446625572290506,4.446625572290506,True,
Crystalite FiLM guidance sweep,fixed_film__g1__t4,median_prediction,3.683052901782157,3.6830529017821574,True,
Crystalite FiLM guidance sweep,fixed_film__g1__t4,MAE,1.631964576388514,1.631964576388514,True,
Crystalite FiLM guidance sweep,fixed_film__g1__t8,mean_prediction,7.552118493463537,7.552118493463538,True,
Crystalite FiLM guidance sweep,fixed_film__g1__t8,median_prediction,6.51374397540706,6.51374397540706,True,
Crystalite FiLM guidance sweep,fixed_film__g1__t8,MAE,3.373182518906582,3.373182518906582,True,
Crystalite FiLM guidance sweep,fixed_film__g1__t12,mean_prediction,9.428682798565651,9.42868279856565,True,
Crystalite FiLM guidance sweep,fixed_film__g1__t12,median_prediction,8.573235240028318,8.573235240028318,True,
Crystalite FiLM guidance sweep,fixed_film__g1__t12,MAE,4.4075645649657655,4.4075645649657655,True,
Crystalite FiLM guidance sweep,fixed_film__g2__t2,mean_prediction,2.305641600077972,2.3056416000779714,True,
Crystalite FiLM guidance sweep,fixed_film__g2__t2,median_prediction,2.1621951498551617,2.1621951498551617,True,
Crystalite FiLM guidance sweep,fixed_film__g2__t2,MAE,0.4191783581199587,0.41917835811995874,True,
Crystalite FiLM guidance sweep,fixed_film__g2__t4,mean_prediction,3.7822005565744985,3.7822005565744985,True,
Crystalite FiLM guidance sweep,fixed_film__g2__t4,median_prediction,3.290906115529139,3.290906115529139,True,
Crystalite FiLM guidance sweep,fixed_film__g2__t4,MAE,1.1903918996362437,1.1903918996362437,True,
Crystalite FiLM guidance sweep,fixed_film__g2__t8,mean_prediction,8.044206290780469,8.044206290780469,True,
Crystalite FiLM guidance sweep,fixed_film__g2__t8,median_prediction,7.180116388959077,7.180116388959078,True,
Crystalite FiLM guidance sweep,fixed_film__g2__t8,MAE,2.882965140199634,2.8829651401996337,True,
Crystalite FiLM guidance sweep,fixed_film__g2__t12,mean_prediction,13.147311811294326,13.147311811294326,True,
Crystalite FiLM guidance sweep,fixed_film__g2__t12,median_prediction,13.16339866333812,13.16339866333812,True,
Crystalite FiLM guidance sweep,fixed_film__g2__t12,MAE,3.0971796373993232,3.0971796373993237,True,
Crystalite FiLM guidance sweep,fixed_film__g3__t2,mean_prediction,2.149021042214884,2.149021042214884,True,
Crystalite FiLM guidance sweep,fixed_film__g3__t2,median_prediction,2.0242307180330927,2.0242307180330927,True,
Crystalite FiLM guidance sweep,fixed_film__g3__t2,MAE,0.4470704371172417,0.4470704371172417,True,
Crystalite FiLM guidance sweep,fixed_film__g3__t4,mean_prediction,3.447018964394707,3.447018964394707,True,
Crystalite FiLM guidance sweep,fixed_film__g3__t4,median_prediction,3.216056018098172,3.216056018098172,True,
Crystalite FiLM guidance sweep,fixed_film__g3__t4,MAE,0.968207337727765,0.9682073377277652,True,
Crystalite FiLM guidance sweep,fixed_film__g3__t8,mean_prediction,8.436781621144704,8.436781621144704,True,
Crystalite FiLM guidance sweep,fixed_film__g3__t8,median_prediction,7.902400526896768,7.902400526896768,True,
Crystalite FiLM guidance sweep,fixed_film__g3__t8,MAE,2.88576056712035,2.88576056712035,True,
Crystalite FiLM guidance sweep,fixed_film__g3__t12,mean_prediction,12.39466662554557,12.39466662554557,True,
Crystalite FiLM guidance sweep,fixed_film__g3__t12,median_prediction,11.518159775867034,11.518159775867034,True,
Crystalite FiLM guidance sweep,fixed_film__g3__t12,MAE,3.025916023804386,3.025916023804386,True,
Crystalite FiLM guidance sweep,fixed_film__g4__t2,mean_prediction,2.17963275840497,2.17963275840497,True,
Crystalite FiLM guidance sweep,fixed_film__g4__t2,median_prediction,2.039600905937512,2.039600905937512,True,
Crystalite FiLM guidance sweep,fixed_film__g4__t2,MAE,0.6204252407891094,0.6204252407891094,True,
Crystalite FiLM guidance sweep,fixed_film__g4__t4,mean_prediction,3.679421871529016,3.6794218715290157,True,
Crystalite FiLM guidance sweep,fixed_film__g4__t4,median_prediction,3.5008687052892133,3.5008687052892133,True,
Crystalite FiLM guidance sweep,fixed_film__g4__t4,MAE,0.8766170552198034,0.8766170552198034,True,
Crystalite FiLM guidance sweep,fixed_film__g4__t8,mean_prediction,8.634709810216059,8.634709810216059,True,
Crystalite FiLM guidance sweep,fixed_film__g4__t8,median_prediction,8.503703463182463,8.503703463182463,True,
Crystalite FiLM guidance sweep,fixed_film__g4__t8,MAE,3.304269688722166,3.304269688722166,True,
Crystalite FiLM guidance sweep,fixed_film__g4__t12,mean_prediction,14.606597178570194,14.606597178570192,True,
Crystalite FiLM guidance sweep,fixed_film__g4__t12,median_prediction,16.453049704207324,16.453049704207324,True,
Crystalite FiLM guidance sweep,fixed_film__g4__t12,MAE,9.436455383468068,9.436455383468067,True,
Crystalite FiLM guidance sweep,fixed_film__g5__t2,mean_prediction,2.206913009729818,2.206913009729818,True,
Crystalite FiLM guidance sweep,fixed_film__g5__t2,median_prediction,2.159501455842835,2.159501455842835,True,
Crystalite FiLM guidance sweep,fixed_film__g5__t2,MAE,0.7582792246814737,0.7582792246814737,True,
Crystalite FiLM guidance sweep,fixed_film__g5__t4,mean_prediction,1.7075292060177454,1.7075292060177454,True,
Crystalite FiLM guidance sweep,fixed_film__g5__t4,median_prediction,3.3290755911008376,3.3290755911008376,True,
Crystalite FiLM guidance sweep,fixed_film__g5__t4,MAE,2.6307481730512388,2.6307481730512388,True,
Crystalite FiLM guidance sweep,fixed_film__g5__t8,mean_prediction,7.756681771902786,7.756681771902788,True,
Crystalite FiLM guidance sweep,fixed_film__g5__t8,median_prediction,8.012858829339082,8.012858829339082,True,
Crystalite FiLM guidance sweep,fixed_film__g5__t8,MAE,5.150551361119995,5.150551361119995,True,
Crystalite FiLM guidance sweep,fixed_film__g5__t12,mean_prediction,707.683361588947,707.6833615889472,True,
Crystalite FiLM guidance sweep,fixed_film__g5__t12,median_prediction,13.01134329657914,13.01134329657914,True,
Crystalite FiLM guidance sweep,fixed_film__g5__t12,MAE,728.9613504181416,728.9613504181416,True,
Reward-guided MatterGen,baseline_0002,mean_prediction,13.576050686199146,13.576050686199146,True,
Reward-guided MatterGen,baseline_0002,mean_reward,0.37989328297787445,0.37989328336054345,True,
Reward-guided MatterGen,baseline_0002,within_pm2,5.0,5.0,True,
Reward-guided MatterGen,baseline_0008,mean_prediction,12.373429220663565,12.373429220663565,True,
Reward-guided MatterGen,baseline_0008,mean_reward,0.20800280967225718,0.20800280939853452,True,
Reward-guided MatterGen,baseline_0008,within_pm2,2.0,2.0,True,
Reward-guided MatterGen,baseline_0023,mean_prediction,12.578946491636753,12.578946491636753,True,
Reward-guided MatterGen,baseline_0023,mean_reward,0.34456784012701536,0.3445678425852373,True,
Reward-guided MatterGen,baseline_0023,within_pm2,4.0,4.0,True,
Reward-guided MatterGen,baseline_0011,mean_prediction,11.87058640725949,11.87058640725949,True,
Reward-guided MatterGen,baseline_0011,mean_reward,0.21170692238716976,0.2117069247111375,True,
Reward-guided MatterGen,baseline_0011,within_pm2,3.0,3.0,True,
Reward-guided MatterGen,baseline_0016,mean_prediction,13.788265637292886,13.788265637292886,True,
Reward-guided MatterGen,baseline_0016,mean_reward,0.36018655293524,0.36018655486333334,True,
Reward-guided MatterGen,baseline_0016,within_pm2,4.0,4.0,True,
Reward-guided MatterGen,baseline_0005,mean_prediction,11.29921274046617,11.29921274046617,True,
Reward-guided MatterGen,baseline_0005,mean_reward,0.46640964838702587,0.4664096557972375,True,
Reward-guided MatterGen,baseline_0005,within_pm2,7.0,7.0,True,
Reward-guided MatterGen,baseline_0001,mean_prediction,10.51374912405269,10.51374912405269,True,
Reward-guided MatterGen,baseline_0001,mean_reward,0.44561742092964124,0.44561741854555553,True,
Reward-guided MatterGen,baseline_0001,within_pm2,3.0,3.0,True,
Reward-guided MatterGen,baseline_0020,mean_prediction,10.992041940081158,10.992041940081158,True,
Reward-guided MatterGen,baseline_0020,mean_reward,0.5023331990713984,0.50233319929875,True,
Reward-guided MatterGen,baseline_0020,within_pm2,6.0,6.0,True,
Reward-guided MatterGen,baseline_0012,mean_prediction,14.195123717807217,14.195123717807217,True,
Reward-guided MatterGen,baseline_0012,mean_reward,0.39267892514591135,0.3926789218830769,True,
Reward-guided MatterGen,baseline_0012,within_pm2,5.0,5.0,True,
Reward-guided MatterGen,baseline_0018,mean_prediction,14.586754022403582,14.586754022403582,True,
Reward-guided MatterGen,baseline_0018,mean_reward,0.27881951681024025,0.27881951363373936,True,
Reward-guided MatterGen,baseline_0018,within_pm2,3.0,3.0,True,
Reward-guided MatterGen,baseline_0015,mean_prediction,11.883935731865169,11.883935731865169,True,
Reward-guided MatterGen,baseline_0015,mean_reward,0.34931821341682356,0.3493182084709626,True,
Reward-guided MatterGen,baseline_0015,within_pm2,5.0,5.0,True,
Reward-guided MatterGen,baseline_0006,mean_prediction,16.26513846342806,16.26513846342806,True,
Reward-guided MatterGen,baseline_0006,mean_reward,0.32123077858391214,0.32123077830239777,True,
Reward-guided MatterGen,baseline_0006,within_pm2,2.0,2.0,True,
Reward-guided MatterGen,baseline_0004,mean_prediction,9.272149638840672,9.272149638840672,True,
Reward-guided MatterGen,baseline_0004,mean_reward,0.40212233396900726,0.4021223394228125,True,
Reward-guided MatterGen,baseline_0004,within_pm2,6.0,6.0,True,
Reward-guided MatterGen,baseline_0017,mean_prediction,12.299860726414476,12.299860726414476,True,
Reward-guided MatterGen,baseline_0017,mean_reward,0.31146957578721457,0.3114695756563775,True,
Reward-guided MatterGen,baseline_0017,within_pm2,4.0,4.0,True,
Reward-guided MatterGen,baseline_0022,mean_prediction,13.34690014360633,13.34690014360633,True,
Reward-guided MatterGen,baseline_0022,mean_reward,0.27240870075610885,0.27240869746999996,True,
Reward-guided MatterGen,baseline_0022,within_pm2,3.0,3.0,True,
Reward-guided MatterGen,baseline_0010,mean_prediction,11.390274495749718,11.390274495749718,True,
Reward-guided MatterGen,baseline_0010,mean_reward,0.3854966132895,0.3854966140078817,True,
Reward-guided MatterGen,baseline_0010,within_pm2,6.0,6.0,True,
Reward-guided MatterGen,baseline_0009,mean_prediction,13.293164817654846,13.293164817654846,True,
Reward-guided MatterGen,baseline_0009,mean_reward,0.21564703345679076,0.21564703135486873,True,
Reward-guided MatterGen,baseline_0009,within_pm2,2.0,2.0,True,
Reward-guided MatterGen,baseline_0003,mean_prediction,10.433066626896364,10.433066626896364,True,
Reward-guided MatterGen,baseline_0003,mean_reward,0.2343812845628738,0.2343812850998667,True,
Reward-guided MatterGen,baseline_0003,within_pm2,4.0,4.0,True,
Reward-guided MatterGen,baseline_0007,mean_prediction,8.269303041973053,8.269303041973053,True,
Reward-guided MatterGen,baseline_0007,mean_reward,0.3067099010161603,0.30670990231575,True,
Reward-guided MatterGen,baseline_0007,within_pm2,5.0,5.0,True,
Reward-guided MatterGen,baseline_0014,mean_prediction,13.13022895196545,13.13022895196545,True,
Reward-guided MatterGen,baseline_0014,mean_reward,0.15696356245368956,0.15696356640462425,True,
Reward-guided MatterGen,baseline_0014,within_pm2,1.0,1.0,True,
Reward-guided MatterGen,baseline_0021,mean_prediction,12.276449386969178,12.276449386969178,True,
Reward-guided MatterGen,baseline_0021,mean_reward,0.31284635665379923,0.3128463578054501,True,
Reward-guided MatterGen,baseline_0021,within_pm2,4.0,4.0,True,
Reward-guided MatterGen,baseline_0019,mean_prediction,13.624767172101881,13.624767172101881,True,
Reward-guided MatterGen,baseline_0019,mean_reward,0.15675374108286422,0.15675373873373769,True,
Reward-guided MatterGen,baseline_0019,within_pm2,2.0,2.0,True,
Reward-guided MatterGen,baseline_0013,mean_prediction,14.113540225199094,14.113540225199094,True,
Reward-guided MatterGen,baseline_0013,mean_reward,0.38473761977188836,0.38473762333199996,True,
Reward-guided MatterGen,baseline_0013,within_pm2,3.0,3.0,True,
Reward-guided MatterGen,baseline_0000,mean_prediction,9.856862057865719,9.856862057865719,True,
Reward-guided MatterGen,baseline_0000,mean_reward,0.18355239618362862,0.1835523944585531,True,
Reward-guided MatterGen,baseline_0000,within_pm2,2.0,2.0,True,
Reward-guided MatterGen,branch_a_0001,mean_prediction,11.011725539778956,11.011725539778956,True,
Reward-guided MatterGen,branch_a_0001,mean_reward,0.39436491474036783,0.3943649135967539,True,
Reward-guided MatterGen,branch_a_0001,within_pm2,8.0,8.0,True,
Reward-guided MatterGen,branch_a_0006,mean_prediction,10.678839666594817,10.678839666594817,True,
Reward-guided MatterGen,branch_a_0006,mean_reward,0.31127114160938596,0.31127113981220556,True,
Reward-guided MatterGen,branch_a_0006,within_pm2,5.0,5.0,True,
Reward-guided MatterGen,branch_a_0002,mean_prediction,13.145399750712684,13.145399750712684,True,
Reward-guided MatterGen,branch_a_0002,mean_reward,0.5070896528079161,0.5070896515704623,True,
Reward-guided MatterGen,branch_a_0002,within_pm2,9.0,9.0,True,
Reward-guided MatterGen,branch_a_0008,mean_prediction,15.343285367435621,15.343285367435621,True,
Reward-guided MatterGen,branch_a_0008,mean_reward,0.43873854317310274,0.438738540887366,True,
Reward-guided MatterGen,branch_a_0008,within_pm2,7.0,7.0,True,
Reward-guided MatterGen,branch_a_0005,mean_prediction,13.221958853044839,13.221958853044839,True,
Reward-guided MatterGen,branch_a_0005,mean_reward,0.41932875908061273,0.41932875865478575,True,
Reward-guided MatterGen,branch_a_0005,within_pm2,6.0,6.0,True,
Reward-guided MatterGen,branch_a_0007,mean_prediction,10.701137059331366,10.701137059331366,True,
Reward-guided MatterGen,branch_a_0007,mean_reward,0.7267223280341948,0.726722317682889,True,
Reward-guided MatterGen,branch_a_0007,within_pm2,7.0,7.0,True,
Reward-guided MatterGen,branch_a_0000,mean_prediction,13.046306355647939,13.046306355647939,True,
Reward-guided MatterGen,branch_a_0000,mean_reward,0.3644731452209701,0.3644731483356946,True,
Reward-guided MatterGen,branch_a_0000,within_pm2,4.0,4.0,True,
Reward-guided MatterGen,branch_a_0004,mean_prediction,14.512277578325081,14.512277578325081,True,
Reward-guided MatterGen,branch_a_0004,mean_reward,0.37556408232470806,0.3755640780171428,True,
Reward-guided MatterGen,branch_a_0004,within_pm2,5.0,5.0,True,
Reward-guided MatterGen,branch_a_0009,mean_prediction,12.32705767605832,12.32705767605832,True,
Reward-guided MatterGen,branch_a_0009,mean_reward,0.42391577281362447,0.42391578334510527,True,
Reward-guided MatterGen,branch_a_0009,within_pm2,7.0,7.0,True,
Reward-guided MatterGen,branch_a_0003,mean_prediction,11.6360425036368,11.6360425036368,True,
Reward-guided MatterGen,branch_a_0003,mean_reward,0.35668256632480516,0.35668256908647367,True,
Reward-guided MatterGen,branch_a_0003,within_pm2,6.0,6.0,True,
Reward-guided MatterGen,branch_a_0010,mean_prediction,13.645163804489497,13.645163804489497,True,
Reward-guided MatterGen,branch_a_0010,mean_reward,0.3066222141268513,0.306622215805975,True,
Reward-guided MatterGen,branch_a_0010,within_pm2,3.0,3.0,True,
Reward-guided MatterGen,branch_b_0011,mean_prediction,14.938630084027873,14.938630084027873,True,
Reward-guided MatterGen,branch_b_0011,mean_reward,0.40076547785609024,0.40076547866607276,True,
Reward-guided MatterGen,branch_b_0011,within_pm2,7.0,7.0,True,
Reward-guided MatterGen,branch_b_0012,mean_prediction,14.132529801752563,14.132529801752563,True,
Reward-guided MatterGen,branch_b_0012,mean_reward,0.3816994992083099,0.3816995018117188,True,
Reward-guided MatterGen,branch_b_0012,within_pm2,6.0,6.0,True,
Reward-guided MatterGen,branch_b_0015,mean_prediction,13.419927290081908,13.419927290081908,True,
Reward-guided MatterGen,branch_b_0015,mean_reward,0.36549500962498094,0.36549501674385215,True,
Reward-guided MatterGen,branch_b_0015,within_pm2,8.0,8.0,True,
Reward-guided MatterGen,branch_b_0010,mean_prediction,10.235776532350652,10.235776532350652,True,
Reward-guided MatterGen,branch_b_0010,mean_reward,0.3495758625621956,0.34957586468828566,True,
Reward-guided MatterGen,branch_b_0010,within_pm2,4.0,4.0,True,
Reward-guided MatterGen,branch_b_0014,mean_prediction,15.551675446385154,15.551675446385154,True,
Reward-guided MatterGen,branch_b_0014,mean_reward,0.4723529660372254,0.4723529639741393,True,
Reward-guided MatterGen,branch_b_0014,within_pm2,10.0,10.0,True,
Reward-guided MatterGen,branch_b_0013,mean_prediction,14.133402530781108,14.133402530781108,True,
Reward-guided MatterGen,branch_b_0013,mean_reward,0.3807401478080199,0.3807401451469,True,
Reward-guided MatterGen,branch_b_0013,within_pm2,4.0,4.0,True,
